wavenumber,absorbance
1848.0,0.0
1848.3013013013012,0.0
1848.6026026026027,0.0005547347081095166
1848.903903903904,0.0012466058135534586
1849.2052052052052,0.001808757928373872
1849.5065065065064,0.0022512689630371785
1849.8078078078079,0.0025841989369917995
1850.109109109109,0.0028175857791756798
1850.4104104104103,0.002961442303812789
1850.7117117117118,0.003025754199660391
1851.013013013013,0.0030204788515541536
1851.3143143143143,0.0029555448316390676
1851.6156156156155,0.0028408519406459276
1851.916916916917,0.002686271722628919
1852.2182182182182,0.0025016484020792817
1852.5195195195195,0.00229680019603834
1852.820820820821,0.0020809047528402846
1853.1221221221222,0.00185713868105708
1853.4234234234234,0.0016252978906831084
1853.7247247247246,0.0013851225489985297
1854.026026026026,0.0011363367109809008
1854.3273273273273,0.0008786506693084783
1854.6286286286286,0.0006117931323914583
1854.92992992993,0.0003374420183254734
1855.2312312312313,6.040877742891082e-05
1855.5325325325325,0.0
1855.8338338338338,0.0
1856.1351351351352,0.0
1856.4364364364365,0.0
1856.7377377377377,0.0
1857.039039039039,0.0
1857.3403403403404,0.0
1857.6416416416416,0.0
1857.9429429429429,0.0
1858.2442442442443,0.0
1858.5455455455456,0.0
1858.8468468468468,0.0
1859.148148148148,0.0
1859.4494494494495,0.0
1859.7507507507507,0.0
1860.052052052052,0.0
1860.3533533533534,0.0
1860.6546546546547,0.0
1860.955955955956,0.0
1861.2572572572572,0.0
1861.5585585585586,3.278254876770692e-05
1861.8598598598599,0.00034059895991622735
1862.161161161161,0.0006453892125768412
1862.4624624624626,0.0009398108107184222
1862.7637637637638,0.0012153304554041178
1863.065065065065,0.0014627641983573358
1863.3663663663663,0.0016729096866882065
1863.6676676676677,0.0018365500433068505
1863.968968968969,0.001944451815641679
1864.2702702702702,0.001987376357531212
1864.5715715715717,0.0019568380196031687
1864.872872872873,0.0018455251620737578
1865.1741741741741,0.0016462091259445422
1865.4754754754754,0.0013516430068630791
1865.7767767767768,0.0009545635846207601
1866.078078078078,0.0004476942058105893
1866.3793793793793,0.0
1866.6806806806808,0.0
1866.981981981982,0.0
1867.2832832832833,0.0
1867.5845845845845,0.0
1867.885885885886,0.0
1868.1871871871872,0.0
1868.4884884884884,0.0
1868.78978978979,0.0
1869.0910910910911,0.0
1869.3923923923924,0.0
1869.6936936936936,0.0
1869.994994994995,0.0
1870.2962962962963,0.0
1870.5975975975975,0.0
1870.898898898899,0.0
1871.2002002002002,0.0
1871.5015015015015,0.0
1871.8028028028027,0.0
1872.1041041041042,0.0
1872.4054054054054,0.0
1872.7067067067067,0.0
1873.008008008008,0.0
1873.3093093093094,0.0
1873.6106106106106,0.0
1873.9119119119118,0.0
1874.2132132132133,0.0003754725140979742
1874.5145145145145,0.0007943988099163302
1874.8158158158158,0.0011229052130400374
1875.117117117117,0.0013693446180624291
1875.4184184184185,0.0015420587425094001
1875.7197197197197,0.0016493756966605155
1876.021021021021,0.0016998236238570108
1876.3223223223224,0.0017029127968099522
1876.6236236236236,0.0016684258453978917
1876.9249249249249,0.0016061285624743848
1877.2262262262261,0.0015257702089875314
1877.5275275275276,0.0014370841203462104
1877.8288288288288,0.001349557245547417
1878.13013013013,0.001268475607751729
1878.4314314314315,0.001195471544673865
1878.7327327327328,0.0011320434807629565
1879.034034034034,0.0010796779463436712
1879.3353353353352,0.0010398502043131863
1879.6366366366367,0.0010140240138239442
1879.937937937938,0.0010033504059765996
1880.2392392392392,0.0010082068767048868
1880.5405405405406,0.0010288422985442747
1880.8418418418419,0.0010654955024043677
1881.143143143143,0.0011183950731246117
1881.4444444444443,0.001187758986502474
1881.7457457457458,0.0012735608398427578
1882.047047047047,0.0013737924462003948
1882.3483483483483,0.0014854435698721247
1882.6496496496497,0.0016054828631737461
1882.950950950951,0.0017308642320355005
1883.2522522522522,0.0018585256631440394
1883.5535535535535,0.001985361642047212
1883.854854854855,0.0021069478260142827
1884.1561561561562,0.002216971583089533
1884.4574574574574,0.002308954827109466
1884.7587587587589,0.0023763977008103288
1885.06006006006,0.002412777722082482
1885.3613613613613,0.002411549164233695
1885.6626626626626,0.0023668967927910067
1885.963963963964,0.002276336965280734
1886.2652652652653,0.0021382956986252255
1886.5665665665665,0.0019511767240664168
1886.867867867868,0.0017133627389290806
1887.1691691691692,0.0014232171816557226
1887.4704704704704,0.0010796387516055495
1887.7717717717717,0.0006909489514901335
1888.0730730730731,0.0002733746288137162
1888.3743743743744,0.0
1888.6756756756756,0.0
1888.9769769769769,0.0
1889.2782782782783,0.0
1889.5795795795796,0.0
1889.8808808808808,0.0
1890.1821821821823,0.0
1890.4834834834835,0.0
1890.7847847847847,0.0
1891.0860860860862,0.0
1891.3873873873874,0.0
1891.6886886886887,0.0
1891.98998998999,0.0
1892.2912912912914,0.0
1892.5925925925926,0.0
1892.8938938938938,0.0
1893.195195195195,0.00012662842112109995
1893.4964964964965,0.000570858482802028
1893.7977977977978,0.0010120681698271294
1894.099099099099,0.0014471693239500594
1894.4004004004005,0.0018730637070372147
1894.7017017017017,0.0022866387096297514
1895.003003003003,0.0026847632120428067
1895.3043043043042,0.0030651409290192166
1895.6056056056057,0.0034291098799283937
1895.906906906907,0.0037789557098739657
1896.2082082082081,0.004116932396570516
1896.5095095095096,0.004445260375090743
1896.8108108108108,0.004766125494912843
1897.112112112112,0.005081567207445126
1897.4134134134133,0.005391787280585869
1897.7147147147148,0.005695495552835328
1898.016016016016,0.00599132991396345
1898.3173173173172,0.006277900667418512
1898.6186186186187,0.006553792926965563
1898.91991991992,0.006817576360505284
1899.2212212212212,0.007069812723135227
1899.5225225225224,0.0073157463315224325
1899.823823823824,0.007561282434835337
1900.1251251251251,0.007812317956802373
1900.4264264264264,0.008074742241305444
1900.7277277277278,0.008354437619163213
1901.029029029029,0.00865714979762744
1901.3303303303303,0.00898761432300288
1901.6316316316315,0.009350093364669632
1901.932932932933,0.009748840467633246
1902.2342342342342,0.010188103149939454
1902.5355355355355,0.010672122816281937
1902.836836836837,0.011205110582173994
1903.1381381381382,0.011790275072301126
1903.4394394394394,0.012429487044019805
1903.7407407407406,0.013124517346946973
1904.042042042042,0.013877129361345553
1904.3433433433433,0.01468907858762214
1904.6446446446446,0.015562112197791134
1904.945945945946,0.016496124832268033
1905.2472472472473,0.017483446941738978
1905.5485485485485,0.01851446427768455
1905.8498498498498,0.01957955210050788
1906.1511511511512,0.020669074561925127
1906.4524524524525,0.02177338406591861
1906.7537537537537,0.022882366311187674
1907.0550550550552,0.02397895160553265
1907.3563563563564,0.025040637378280273
1907.6576576576576,0.026044762874234517
1907.9589589589589,0.0269686523138174
1908.2602602602603,0.02778961429059329
1908.5615615615616,0.02848496622185942
1908.8628628628628,0.029037486241308252
1909.164164164164,0.029442243931037282
1909.4654654654655,0.029695970563096252
1909.7667667667668,0.029795379744190553
1910.068068068068,0.02973716726344222
1910.3693693693695,0.02951801103274515
1910.6706706706707,0.02913646690650723
1910.971971971972,0.02860507543837265
1911.2732732732732,0.02794263224849891
1911.5745745745746,0.02716794530927108
1911.8758758758759,0.0262998058274998
1912.177177177177,0.025356988709225203
1912.4784784784786,0.024358071455172436
1912.7797797797798,0.02331467656755082
1913.081081081081,0.0222294662363981
1913.3823823823823,0.021104497730082716
1913.6836836836837,0.019941814979290318
1913.984984984985,0.01874344925201349
1914.2862862862862,0.017511419851177268
1914.5875875875877,0.016247895219046016
1914.888888888889,0.014955663998341973
1915.1901901901902,0.013637660096759097
1915.4914914914914,0.01229680844800568
1915.7927927927929,0.010936025800385996
1916.094094094094,0.009558221510496179
1916.3953953953953,0.008167116460105484
1916.6966966966968,0.006778268338876847
1916.997997997998,0.00541614510563726
1917.2992992992993,0.004105422040383833
1917.6006006006005,0.0028707521437644212
1917.901901901902,0.001736759599622495
1918.2032032032032,0.0007279921657007415
1918.5045045045044,0.0
1918.805805805806,0.0
1919.1071071071071,0.0
1919.4084084084084,0.0
1919.7097097097096,0.0
1920.011011011011,0.0
1920.3123123123123,0.0
1920.6136136136136,0.0
1920.914914914915,0.0
1921.2162162162163,0.0
1921.5175175175175,0.0
1921.8188188188187,0.0
1922.1201201201202,0.0
1922.4214214214214,0.0
1922.7227227227227,0.0
1923.0240240240241,0.0
1923.3253253253254,0.0
1923.6266266266266,0.0
1923.9279279279278,0.0
1924.2292292292293,0.0
1924.5305305305305,0.0
1924.8318318318318,0.0
1925.133133133133,0.0
1925.4344344344345,0.0
1925.7357357357357,0.0
1926.037037037037,0.0
1926.3383383383384,0.0
1926.6396396396397,0.0
1926.940940940941,0.0
1927.2422422422424,0.0
1927.5435435435436,0.0
1927.8448448448448,0.0
1928.146146146146,0.0
1928.4474474474475,0.0
1928.7487487487488,0.0
1929.05005005005,0.0
1929.3513513513512,0.0
1929.6526526526527,0.0
1929.953953953954,0.0
1930.2552552552552,0.0
1930.5565565565566,0.0
1930.8578578578579,0.0
1931.1591591591591,0.0
1931.4604604604604,0.0
1931.7617617617618,0.0
1932.063063063063,0.0
1932.3643643643643,0.0
1932.6656656656658,0.0
1932.966966966967,0.0
1933.2682682682682,0.0
1933.5695695695695,0.0
1933.870870870871,0.0
1934.1721721721722,0.0
1934.4734734734734,0.0
1934.7747747747749,0.0
1935.076076076076,0.0
1935.3773773773773,0.0
1935.6786786786786,0.0
1935.97997997998,0.0
1936.2812812812813,0.0
1936.5825825825825,0.0
1936.883883883884,0.0
1937.1851851851852,0.0
1937.4864864864865,0.0
1937.7877877877877,0.0
1938.0890890890892,0.0
1938.3903903903904,0.0
1938.6916916916916,0.0
1938.992992992993,0.00047640866730286335
1939.2942942942943,0.0013522557162816695
1939.5955955955956,0.0023789514040349347
1939.8968968968968,0.003573837460643492
1940.1981981981983,0.004955878468847208
1940.4994994994995,0.0065440157453574566
1940.8008008008007,0.008357164534903094
1941.102102102102,0.010414227796814557
1941.4034034034034,0.012733266931373721
1941.7047047047047,0.015306955811479284
1942.006006006006,0.018098589275815202
1942.3073073073074,0.021069814329071734
1942.6086086086086,0.024182267116764578
1942.9099099099099,0.027397571142527166
1943.2112112112113,0.030677334595445527
1943.5125125125126,0.03397415370829071
1943.8138138138138,0.03720932917664865
1944.115115115115,0.040297347919475646
1944.4164164164165,0.04315267453013372
1944.7177177177177,0.045689749423569626
1945.019019019019,0.04782298712313249
1945.3203203203202,0.049470699851574595
1945.6216216216217,0.05059975328891081
1945.922922922923,0.051209788285374036
1946.2242242242241,0.05130103165753269
1946.5255255255256,0.05087367949608096
1946.8268268268268,0.04992789711109491
1947.128128128128,0.04846402746310924
1947.4294294294293,0.04650700575666672
1947.7307307307308,0.04412925616111152
1948.032032032032,0.04140859255757928
1948.3333333333333,0.038422802349645735
1948.6346346346347,0.035249648095731334
1948.935935935936,0.03196686930058207
1949.2372372372372,0.028648728492222553
1949.5385385385384,0.025348002934483915
1949.83983983984,0.02210922274884497
1950.1411411411411,0.01897688601232117
1950.4424424424424,0.015995477536387415
1950.7437437437438,0.013209470746382623
1951.045045045045,0.0106624242173457
1951.3463463463463,0.008372278188125026
1951.6476476476475,0.006328373452503588
1951.948948948949,0.004518540490486611
1952.2502502502502,0.002930595889012788
1952.5515515515515,0.0015523279538707246
1952.852852852853,0.0003715006399571119
1953.1541541541542,0.0
1953.4554554554554,0.0
1953.7567567567567,0.0
1954.0580580580581,0.0
1954.3593593593594,0.0
1954.6606606606606,0.0
1954.961961961962,0.0
1955.2632632632633,0.0
1955.5645645645645,0.0
1955.8658658658658,0.0
1956.1671671671672,0.0
1956.4684684684685,0.0
1956.7697697697697,0.0
1957.071071071071,0.0
1957.3723723723724,0.0
1957.6736736736736,0.0
1957.9749749749749,0.0
1958.2762762762763,0.0
1958.5775775775776,0.0
1958.8788788788788,0.0
1959.1801801801803,0.0
1959.4814814814815,0.0
1959.7827827827828,0.0
1960.084084084084,0.0
1960.3853853853855,0.0014687849508263073
1960.6866866866867,0.0033691557091459767
1960.987987987988,0.005568113055720025
1961.2892892892892,0.008063310914754707
1961.5905905905906,0.01085172170111437
1961.8918918918919,0.013930311222447422
1962.193193193193,0.017296038701605287
1962.4944944944946,0.02094584898283741
1962.7957957957958,0.02485847423877441
1963.097097097097,0.02895429341981448
1963.3983983983983,0.03314200612842749
1963.6996996996997,0.03733029459451165
1964.001001001001,0.04142782116275129
1964.3023023023022,0.045343225779663876
1964.6036036036037,0.04898544122313492
1964.904904904905,0.05226693113835895
1965.2062062062062,0.05510236276895758
1965.5075075075074,0.05740640650331408
1965.8088088088089,0.05909369966839495
1966.11011011011,0.06007884514731915
1966.4114114114113,0.06027702403345242
1966.7127127127128,0.059659681982726864
1967.014014014014,0.05829904314824147
1967.3153153153153,0.05627777102134868
1967.6166166166165,0.05367849411397535
1967.917917917918,0.05058380717138394
1968.2192192192192,0.04707627273174736
1968.5205205205204,0.043240068692102174
1968.821821821822,0.039168736470521104
1969.1231231231232,0.0349591179913773
1969.4244244244244,0.03070803556450008
1969.7257257257256,0.026512290524251803
1970.027027027027,0.022468665780170538
1970.3283283283283,0.018672076301606166
1970.6296296296296,0.015171718706301018
1970.930930930931,0.011969277070906226
1971.2322322322323,0.00906421487486686
1971.5335335335335,0.006455988396042334
1971.8348348348347,0.004144047896485814
1972.1361361361362,0.002127828080040972
1972.4374374374374,0.0004017449613489821
1972.7387387387387,0.0
1973.04004004004,0.0
1973.3413413413414,0.0
1973.6426426426426,0.0
1973.9439439439439,0.0
1974.2452452452453,0.0
1974.5465465465466,0.0
1974.8478478478478,0.0
1975.1491491491493,0.0
1975.4504504504505,0.0
1975.7517517517517,0.0
1976.053053053053,0.0
1976.3543543543544,0.0
1976.6556556556557,0.0
1976.956956956957,0.0
1977.2582582582581,0.0
1977.5595595595596,0.0
1977.8608608608608,0.0
1978.162162162162,0.0
1978.4634634634635,0.0
1978.7647647647648,0.0
1979.066066066066,0.0
1979.3673673673675,0.0
1979.6686686686687,0.0
1979.96996996997,0.0
1980.2712712712712,0.0
1980.5725725725727,0.0
1980.873873873874,0.0002841573250442764
1981.1751751751751,0.0005657808131052655
1981.4764764764764,0.000811767052705914
1981.7777777777778,0.0010194341731466494
1982.079079079079,0.0011878921896804062
1982.3803803803803,0.0013215631352961887
1982.6816816816818,0.0014258361782347184
1982.982982982983,0.0015060873494895377
1983.2842842842842,0.0015676785179929431
1983.5855855855857,0.001615956604208657
1983.886886886887,0.0016559866838725124
1984.1881881881882,0.001690110797341493
1984.4894894894894,0.0017190765368420013
1984.7907907907909,0.0017435950788398658
1985.0920920920921,0.0017643605761961112
1985.3933933933934,0.0017820499206018248
1985.6946946946946,0.0017972987800798923
1985.995995995996,0.0018089889819746796
1986.2972972972973,0.0018130978650374163
1986.5985985985985,0.0018053122000274424
1986.8998998999,0.001781300824820975
1987.2012012012012,0.0017367147195236354
1987.5025025025025,0.001667187238335699
1987.8038038038037,0.0015690967312864679
1988.1051051051052,0.001442804949341403
1988.4064064064064,0.0012899656862523923
1988.7077077077076,0.001112219147059501
1989.0090090090089,0.0009111927107017248
1989.3103103103103,0.0006885026847333608
1989.6116116116116,0.0004459085438737187
1989.9129129129128,0.00018846500048708137
1990.2142142142143,0.0
1990.5155155155155,0.0
1990.8168168168168,0.0
1991.1181181181182,0.0
1991.4194194194195,0.0
1991.7207207207207,0.0
1992.022022022022,0.0
1992.3233233233234,0.0
1992.6246246246246,0.0
1992.9259259259259,0.0
1993.227227227227,0.0
1993.5285285285286,0.0
1993.8298298298298,0.0
1994.131131131131,0.0
1994.4324324324325,0.0
1994.7337337337337,0.0
1995.035035035035,0.00018901547031990873
1995.3363363363364,0.0005455323981522486
1995.6376376376377,0.0009046112978409737
1995.938938938939,0.0012568910035663516
1996.2402402402402,0.0015930102377112454
1996.5415415415416,0.001903595222522314
1996.8428428428429,0.0021792563826043
1997.144144144144,0.0024105853392392684
1997.4454454454453,0.0025899943209204412
1997.7467467467468,0.002719144583314459
1998.048048048048,0.002802583491123889
1998.3493493493493,0.002844833159900362
1998.6506506506507,0.002850388705553708
1998.951951951952,0.00282371789134761
1999.2532532532532,0.002769183917891327
1999.5545545545547,0.0026895498675166274
1999.855855855856,0.0025860837353747224
2000.1571571571571,0.0024599712623561976
2000.4584584584584,0.00231237305798504
2000.7597597597598,0.0021444257274202405
2001.061061061061,0.0019572442229365827
2001.3623623623623,0.0017525895963734772
2001.6636636636636,0.0015340250820250478
2001.964964964965,0.0013054045577043372
2002.2662662662663,0.0010705666795117752
2002.5675675675675,0.0008333371253840816
2002.868868868869,0.0005975309140161533
2003.1701701701702,0.00036724540287946805
2003.4714714714714,0.0001492608719131927
2003.7727727727727,0.0
2004.0740740740741,0.0
2004.3753753753754,0.0
2004.6766766766766,0.0
2004.9779779779778,0.0
2005.2792792792793,0.0
2005.5805805805805,0.0
2005.8818818818818,0.0
2006.1831831831832,0.0
2006.4844844844845,9.478037160276509e-05
2006.7857857857857,0.0003103858540918214
2007.0870870870872,0.0005455651525232419
2007.3883883883884,0.0007916976865841585
2007.6896896896897,0.0010395425295203209
2007.990990990991,0.0012798507356480138
2008.2922922922924,0.001503363007223646
2008.5935935935936,0.0017008073200618923
2008.8948948948948,0.001863064211586607
2009.196196196196,0.001984210966212152
2009.4974974974975,0.0020612008691586192
2009.7987987987988,0.002091071060082106
2010.1001001001,0.0020708383726200097
2010.4014014014015,0.0019974990517580005
2010.7027027027027,0.0018680346622681476
2011.004004004004,0.0016823131480873665
2011.3053053053054,0.0014478103265972986
2011.6066066066066,0.0011732212524354635
2011.9079079079079,0.0008672266026297226
2012.2092092092091,0.0005384953798293068
2012.5105105105106,0.00019568794358582053
2012.8118118118118,0.0
2013.113113113113,0.0
2013.4144144144143,0.0
2013.7157157157158,0.0
2014.017017017017,0.0
2014.3183183183182,0.0
2014.6196196196197,0.0
2014.920920920921,0.0
2015.2222222222222,0.0
2015.5235235235236,0.0
2015.8248248248249,0.0
2016.126126126126,0.0
2016.4274274274273,0.0
2016.7287287287288,0.0
2017.03003003003,0.0
2017.3313313313313,0.0
2017.6326326326325,0.0
2017.933933933934,0.0
2018.2352352352352,0.0
2018.5365365365365,0.0
2018.837837837838,0.0
2019.1391391391392,0.0
2019.4404404404404,0.0
2019.7417417417416,0.0
2020.043043043043,0.0
2020.3443443443443,0.0
2020.6456456456456,0.0
2020.9469469469468,0.0
2021.2482482482483,0.0
2021.5495495495495,0.0
2021.8508508508507,0.0
2022.1521521521522,0.0
2022.4534534534534,0.0
2022.7547547547547,0.0
2023.0560560560561,0.0
2023.3573573573574,0.0
2023.6586586586586,0.0
2023.9599599599599,0.0
2024.2612612612613,0.0
2024.5625625625626,0.0
2024.8638638638638,0.0
2025.165165165165,0.0
2025.4664664664665,0.0
2025.7677677677677,0.0
2026.069069069069,0.0
2026.3703703703704,0.0
2026.6716716716717,0.0
2026.972972972973,0.0
2027.2742742742744,0.0003431929817157009
2027.5755755755756,0.0008531006878333414
2027.8768768768768,0.0013682981664346894
2028.178178178178,0.0018731845701835947
2028.4794794794796,0.0023521361314826073
2028.7807807807808,0.0027895027553535012
2029.082082082082,0.003169611082823598
2029.3833833833833,0.003476760865407047
2029.6846846846847,0.0036952219505253514
2029.985985985986,0.0038092549803465103
2030.2872872872872,0.0038103893272431466
2030.5885885885887,0.0037078385200215447
2030.88988988989,0.0035134176287228147
2031.1911911911911,0.0032389085024149278
2031.4924924924926,0.0028960608023865797
2031.7937937937938,0.0024965937857649445
2032.095095095095,0.0020524326155023642
2032.3963963963963,0.0015773631739496863
2032.6976976976978,0.001086062056360526
2032.998998998999,0.0005931961312500289
2033.3003003003003,0.00011342145452891694
2033.6016016016015,0.0
2033.902902902903,0.0
2034.2042042042042,0.0
2034.5055055055054,0.0
2034.806806806807,0.0
2035.1081081081081,0.0
2035.4094094094094,0.0
2035.7107107107106,0.0
2036.012012012012,0.0
2036.3133133133133,0.0
2036.6146146146145,0.0
2036.915915915916,0.0
2037.2172172172172,0.0
2037.5185185185185,0.0
2037.8198198198197,0.0
2038.1211211211212,0.0
2038.4224224224224,0.0
2038.7237237237237,0.0
2039.0250250250251,0.0
2039.3263263263264,0.0
2039.6276276276276,0.0
2039.9289289289288,0.0
2040.2302302302303,0.0
2040.5315315315315,0.0
2040.8328328328328,0.0
2041.134134134134,0.0
2041.4354354354355,0.0
2041.7367367367367,0.0
2042.038038038038,0.0
2042.3393393393394,0.0
2042.6406406406406,0.0
2042.9419419419419,1.1919316847908146e-05
2043.2432432432433,0.00022901447522066798
2043.5445445445446,0.00044763291677940575
2043.8458458458458,0.0006581764000996304
2044.147147147147,0.000846327130292257
2044.4484484484485,0.0009974322932755353
2044.7497497497498,0.001096830639427171
2045.051051051051,0.0011298509842807003
2045.3523523523522,0.00108181122421247
2045.6536536536537,0.0009425227443441431
2045.954954954955,0.0007202319417698444
2046.2562562562562,0.0004278964956703213
2046.5575575575576,7.846690525403766e-05
2046.8588588588589,0.0
2047.16016016016,0.0
2047.4614614614616,0.0
2047.7627627627628,0.0
2048.064064064064,0.0
2048.3653653653655,0.0
2048.6666666666665,0.0
2048.967967967968,0.0
2049.2692692692694,0.0
2049.5705705705705,0.0
2049.871871871872,0.0
2050.1731731731734,0.0
2050.4744744744744,0.0
2050.775775775776,0.0
2051.077077077077,0.0
2051.3783783783783,0.0
2051.67967967968,0.0
2051.980980980981,0.0
2052.2822822822823,0.0
2052.5835835835837,0.0
2052.8848848848847,0.0
2053.186186186186,0.0
2053.4874874874877,0.0
2053.7887887887887,0.0
2054.09009009009,0.0
2054.391391391391,0.00020038436707547902
2054.6926926926926,0.0005551588211734071
2054.993993993994,0.0009338547076461756
2055.295295295295,0.0013391012231970811
2055.5965965965966,0.0017644023107928342
2055.897897897898,0.0022010096722711037
2056.199199199199,0.002640157546934585
2056.5005005005005,0.003073058552058472
2056.801801801802,0.0034908996984131524
2057.103103103103,0.0038849400148319724
2057.4044044044044,0.00424786997979093
2057.705705705706,0.004573447338859726
2058.007007007007,0.004855421989305053
2058.3083083083084,0.005087509330271023
2058.60960960961,0.005263391242121884
2058.910910910911,0.005376737510974727
2059.2122122122123,0.005424895855965617
2059.5135135135133,0.0054131994308597164
2059.814814814815,0.005347997039353569
2060.1161161161162,0.005235607600107162
2060.4174174174173,0.005082319639810762
2060.7187187187187,0.004894390457636177
2061.02002002002,0.004677543636090575
2061.321321321321,0.004433927130204129
2061.6226226226227,0.0041641288936524745
2061.923923923924,0.0038686961922940744
2062.225225225225,0.0035481416314503966
2062.5265265265266,0.003202943915765699
2062.8278278278276,0.002833571290179915
2063.129129129129,0.0024412350562691976
2063.4304304304305,0.0020280800919743602
2063.7317317317315,0.0015962874509212188
2064.033033033033,0.0011480181949590773
2064.3343343343345,0.0006854175563388853
2064.6356356356355,0.00021061934716753994
2064.936936936937,0.0
2065.2382382382384,0.0
2065.5395395395394,0.0
2065.840840840841,0.0
2066.142142142142,0.0
2066.4434434434434,0.0
2066.744744744745,0.0
2067.046046046046,0.0
2067.3473473473473,0.0
2067.6486486486488,0.0
2067.9499499499498,0.0
2068.2512512512512,0.0
2068.5525525525527,0.0
2068.8538538538537,0.0
2069.155155155155,0.0
2069.4564564564566,0.0
2069.7577577577576,0.0
2070.059059059059,0.0
2070.3603603603606,0.0
2070.6616616616616,0.0
2070.962962962963,0.0
2071.264264264264,0.0
2071.5655655655655,0.0
2071.866866866867,0.0
2072.168168168168,0.0
2072.4694694694695,0.0
2072.770770770771,0.0
2073.072072072072,0.0007127004774701851
2073.3733733733734,0.001483318796692279
2073.674674674675,0.0022362634634625067
2073.975975975976,0.0029519691170186713
2074.2772772772773,0.0036108485236754917
2074.5785785785783,0.004195608058919553
2074.87987987988,0.004697325787915929
2075.1811811811813,0.005108946074323939
2075.4824824824823,0.005423379128893346
2075.7837837837837,0.0056335030676108455
2076.085085085085,0.005732166201759814
2076.386386386386,0.005713176919778129
2076.6876876876877,0.005583179088978318
2076.988988988989,0.0053577911151832525
2077.29029029029,0.005052787946429882
2077.5915915915916,0.004683914213990448
2077.892892892893,0.004266889174061483
2078.194194194194,0.003817406220114894
2078.4954954954956,0.0033513708182772994
2078.7967967967966,0.0028851424694772976
2079.098098098098,0.0024351117100235853
2079.3993993993995,0.002017645429987669
2079.7007007007005,0.001649090149227983
2080.002002002002,0.0013457753197105293
2080.3033033033034,0.0011229472939565666
2080.6046046046044,0.000988915104502941
2080.905905905906,0.0009492183678108668
2081.2072072072074,0.0010093811016302356
2081.5085085085084,0.0011749191958049243
2081.80980980981,0.0014513399000496419
2082.1111111111113,0.0018440118877438572
2082.4124124124123,0.0023543906352872512
2082.713713713714,0.002979404648540518
2083.015015015015,0.0037157112457002484
2083.3163163163163,0.004559943468903871
2083.6176176176177,0.0055087063041282525
2083.9189189189187,0.006558576142449646
2084.22022022022,0.007701136773953066
2084.5215215215217,0.008910687127324901
2084.8228228228227,0.010157769896945446
2085.124124124124,0.011412921743783888
2085.4254254254256,0.012646673069292014
2085.7267267267266,0.013829547388804264
2086.028028028028,0.014932138214792834
2086.329329329329,0.015925990334198725
2086.6306306306305,0.01678328712037752
2086.931931931932,0.01747621453746001
2087.233233233233,0.017976948479539012
2087.5345345345345,0.018257654354947195
2087.835835835836,0.01829062917935509
2088.137137137137,0.01806496236895022
2088.4384384384384,0.01760214019160361
2088.73973973974,0.016927330071337787
2089.041041041041,0.01606568887086729
2089.3423423423424,0.015042363296443706
2089.643643643644,0.013882490414757198
2089.944944944945,0.012612651413617004
2090.2462462462463,0.011268438923095536
2090.5475475475478,0.009888893803149057
2090.848848848849,0.008513057146663616
2091.1501501501502,0.007179963888416241
2091.4514514514512,0.0059286427807145325
2091.7527527527527,0.004797431802202934
2092.054054054054,0.0038053818770333314
2092.355355355355,0.0029500161809470904
2092.6566566566567,0.0022276997390788256
2092.957957957958,0.0016347734942956937
2093.259259259259,0.001167559637100024
2093.5605605605606,0.000822365644938261
2093.861861861862,0.0005912522251463881
2094.163163163163,0.00045214044778796314
2094.4644644644645,0.0003800031256775971
2094.7657657657655,0.00034980919227639573
2095.067067067067,0.00033652431995595533
2095.3683683683685,0.0003151111788907146
2095.6696696696695,0.00026203364613158753
2095.970970970971,0.00017143970057748037
2096.2722722722724,4.8982425735255575e-05
2096.5735735735734,0.0
2096.874874874875,0.0
2097.1761761761763,0.0
2097.4774774774774,0.0
2097.778778778779,0.0
2098.08008008008,0.0
2098.3813813813813,0.0
2098.6826826826828,0.0
2098.9839839839838,0.0
2099.285285285285,0.0
2099.5865865865867,0.0
2099.8878878878877,0.0
2100.189189189189,0.0
2100.4904904904906,0.0
2100.7917917917916,0.0
2101.093093093093,0.0
2101.3943943943946,0.0
2101.6956956956956,0.0
2101.996996996997,0.0
2102.2982982982985,0.0
2102.5995995995995,0.0
2102.900900900901,0.0
2103.202202202202,0.0
2103.5035035035035,0.0
2103.804804804805,0.0
2104.106106106106,0.0
2104.4074074074074,0.0
2104.708708708709,0.0
2105.01001001001,0.0
2105.3113113113113,0.0
2105.612612612613,0.0
2105.913913913914,0.0
2106.2152152152153,0.0
2106.5165165165163,0.0
2106.8178178178177,0.0
2107.119119119119,0.0
2107.42042042042,0.0
2107.7217217217217,0.0
2108.023023023023,0.00010750336359088841
2108.324324324324,0.0003112117847632323
2108.6256256256256,0.00046345635858491274
2108.926926926927,0.0005556806889087662
2109.228228228228,0.0005817773791854108
2109.5295295295296,0.0005496258629130724
2109.8308308308306,0.00047205234359487536
2110.132132132132,0.000361883296696619
2110.4334334334335,0.00023194048684727075
2110.734734734735,9.504206630789325e-05
2111.036036036036,0.0
2111.3373373373374,0.0
2111.6386386386384,0.0
2111.93993993994,0.0
2112.2412412412414,0.0
2112.5425425425424,0.0
2112.843843843844,0.0
2113.1451451451453,0.0
2113.4464464464463,0.0
2113.747747747748,0.00017193296961393045
2114.0490490490492,0.0003710996167242686
2114.3503503503503,0.0005769522255875126
2114.6516516516517,0.0007779468103442655
2114.9529529529527,0.0009628331604771834
2115.254254254254,0.0011235455883632506
2115.5555555555557,0.0012539386133567643
2115.8568568568567,0.001347882378042009
2116.158158158158,0.0013992345539750595
2116.4594594594596,0.0014018394165029036
2116.7607607607606,0.00134958745306607
2117.062062062062,0.0012412529816514528
2117.3633633633635,0.0010840417704488514
2117.6646646646645,0.0008859834681295697
2117.965965965966,0.0006550969307517196
2118.267267267267,0.0003993921850491411
2118.5685685685685,0.000126872723680449
2118.86986986987,0.0
2119.1711711711714,0.0
2119.4724724724724,0.0
2119.773773773774,0.0
2120.075075075075,0.0
2120.3763763763764,0.0
2120.677677677678,0.0
2120.978978978979,0.0
2121.2802802802803,0.0
2121.5815815815818,0.0
2121.8828828828828,0.0
2122.1841841841842,0.0
2122.4854854854857,0.0
2122.7867867867867,0.0
2123.088088088088,0.0
2123.389389389389,0.0
2123.6906906906906,0.0
2123.991991991992,0.0
2124.293293293293,0.0
2124.5945945945946,0.0
2124.895895895896,0.0
2125.197197197197,0.0
2125.4984984984985,0.0
2125.7997997998,0.0
2126.101101101101,0.0
2126.4024024024025,0.0
2126.7037037037035,0.0
2127.005005005005,0.0
2127.3063063063064,0.0
2127.6076076076074,0.0
2127.908908908909,0.0
2128.2102102102103,0.0
2128.5115115115113,0.0
2128.812812812813,0.0
2129.1141141141143,0.0
2129.4154154154153,0.0
2129.7167167167167,0.0
2130.0180180180178,0.0
2130.319319319319,0.0
2130.6206206206207,0.0
2130.921921921922,0.0
2131.223223223223,0.0
2131.5245245245246,0.0
2131.8258258258256,0.0
2132.127127127127,0.0
2132.4284284284286,0.0
2132.7297297297296,0.0
2133.031031031031,0.0
2133.3323323323325,0.0
2133.6336336336335,0.0
2133.934934934935,0.0
2134.2362362362364,0.0
2134.5375375375374,0.0
2134.838838838839,0.0
2135.14014014014,0.0
2135.4414414414414,0.0002666169085226988
2135.742742742743,0.0005293409944897021
2136.044044044044,0.000781440173645509
2136.3453453453453,0.0010192965591909742
2136.646646646647,0.0012412475460662487
2136.947947947948,0.0014457968464118842
2137.2492492492493,0.0016314358265025475
2137.5505505505507,0.0017966414947462872
2137.8518518518517,0.0019398746874814132
2138.153153153153,0.0020594473274982983
2138.454454454454,0.00215299250915435
2138.7557557557557,0.00221791606365751
2139.057057057057,0.0022516025767173597
2139.358358358358,0.0022514148541323276
2139.6596596596596,0.002214693608091456
2139.960960960961,0.002138971339973761
2140.262262262262,0.002026114106682575
2140.5635635635635,0.0018820302083659146
2140.864864864865,0.0017127633605612536
2141.166166166166,0.0015243386824452254
2141.4674674674675,0.0013227643308102999
2141.7687687687685,0.0011140336115484373
2142.07007007007,0.0009043093739500296
2142.3713713713714,0.000700241810857094
2142.672672672673,0.0005085563217542277
2142.973973973974,0.0003359713228198724
2143.2752752752754,0.0001892001555904299
2143.5765765765764,7.49528076980921e-05
2143.877877877878,0.0
2144.1791791791793,0.0
2144.4804804804803,0.0
2144.781781781782,0.0
2145.0830830830832,1.8409675833497285e-05
2145.3843843843842,7.852422596255071e-05
2145.6856856856857,0.00015066435588739768
2145.986986986987,0.00023188652979627689
2146.288288288288,0.0003224687400124604
2146.5895895895897,0.0004229624126108056
2146.8908908908907,0.0005339157544590467
2147.192192192192,0.0006558727509627937
2147.4934934934936,0.0007893720602012988
2147.7947947947946,0.0009349457984602627
2148.096096096096,0.001093118212395161
2148.3973973973975,0.0012644042334247207
2148.6986986986985,0.0014493079105429851
2149.0,0.0016483207185418736
