wavenumber_cm1,absorbance_corrected
1848.0,0.0
1848.3013013013012,0.0
1848.6026026026027,6.125816520707872e-10
1848.903903903904,0.0001318082849193769
1849.2052052052052,0.00022106975164903897
1849.5065065065064,0.00027380423224054873
1849.8078078078079,0.00029578960157095047
1850.109109109109,0.0002926276399129457
1850.4104104104103,0.0002697667759556932
1850.7117117117118,0.00023249893245541609
1851.013013013013,0.00018593536201211291
1851.3143143143143,0.0001349611916784954
1851.6156156156155,8.416799129384867e-05
1851.916916916917,3.776783371445269e-05
1852.2182182182182,0.0
1852.5195195195195,0.0
1852.820820820821,0.0
1853.1221221221222,0.0
1853.4234234234234,0.0
1853.7247247247246,0.0
1854.026026026026,0.0
1854.3273273273273,0.0
1854.6286286286286,5.66139531110732e-06
1854.92992992993,6.765987543289054e-06
1855.2312312312313,5.352997941632243e-06
1855.5325325325325,3.131774060083359e-06
1855.8338338338338,1.1920060253300946e-06
1856.1351351351352,0.0
1856.4364364364365,0.0
1856.7377377377377,0.0
1857.039039039039,0.0
1857.3403403403404,0.0
1857.6416416416416,6.012745856764923e-12
1857.9429429429429,0.0
1858.2442442442443,0.0
1858.5455455455456,2.811630295251888e-08
1858.8468468468468,4.548363038425762e-06
1859.148148148148,1.6665428332729437e-05
1859.4494494494495,3.932631098757522e-05
1859.7507507507507,7.486905960213397e-05
1860.052052052052,0.00012506744902379685
1860.3533533533534,0.00019119979703580148
1860.6546546546547,0.00027403735495534765
1860.955955955956,0.00037377221998158294
1861.2572572572572,0.00049036950369441
1861.5585585585586,0.0006237018253865134
1861.8598598598599,0.0007736011379446683
1862.161161161161,0.0009398840782602336
1862.4624624624626,0.0011219365873241793
1862.7637637637638,0.0013152018904561413
1863.065065065065,0.0015129888058184049
1863.3663663663663,0.0017085850527797097
1863.6676676676677,0.0018952783313010424
1863.968968968969,0.002066356336884012
1864.2702702702702,0.002215106646016929
1864.5715715715717,0.002334809811865568
1864.872872872873,0.0024187355316688253
1865.1741741741741,0.002460152572273111
1865.4754754754754,0.0024523297005027977
1865.7767767767768,0.002388535683166826
1866.078078078078,0.0022620392870570383
1866.3793793793793,0.002069214117123852
1866.6806806806808,0.001821438624566185
1866.981981981982,0.001534618006635069
1867.2832832832833,0.0012246583973842817
1867.5845845845845,0.0009074659143986641
1867.885885885886,0.0005989465058733878
1868.1871871871872,0.00031487696761017814
1868.4884884884884,6.857035009460999e-05
1868.78978978979,0.0
1869.0910910910911,0.0
1869.3923923923924,0.0
1869.6936936936936,0.0
1869.994994994995,0.0
1870.2962962962963,1.9477197632511434e-12
1870.5975975975975,0.0002996323062432471
1870.898898898899,0.0006697603723614942
1871.2002002002002,0.0010926053060514862
1871.5015015015015,0.0015503775303449263
1871.8028028028027,0.0020252870202678297
1872.1041041041042,0.0024999296960309114
1872.4054054054054,0.0029603135696829597
1872.7067067067067,0.003394226159469549
1873.008008008008,0.0037894703795672835
1873.3093093093094,0.004133849144153878
1873.6106106106106,0.004415165367404272
1873.9119119119118,0.004621346676947746
1874.2132132132133,0.00474706676200809
1874.5145145145145,0.004797052741888019
1874.8158158158158,0.004776851106093216
1875.117117117117,0.004692008344128751
1875.4184184184185,0.004548070945500304
1875.7197197197197,0.004350585399711893
1876.021021021021,0.004105511923256311
1876.3223223223224,0.003820729137700374
1876.6236236236236,0.0035046713026514187
1876.9249249249249,0.0031657727349720943
1877.2262262262261,0.002812467751524661
1877.5275275275276,0.0024531906691723226
1877.8288288288288,0.002096321847950111
1878.13013013013,0.0017492647699515196
1878.4314314314315,0.001418573526902167
1878.7327327327328,0.0011107739044597387
1879.034034034034,0.0008323916496311701
1879.3353353353352,0.0005899521178995282
1879.6366366366367,0.00038996990502221385
1879.937937937938,0.00023589825091296923
1880.2392392392392,0.00012342825608258057
1880.5405405405406,4.683643656172576e-05
1880.8418418418419,2.3314683517128287e-15
1881.143143143143,0.0
1881.4444444444443,0.0
1881.7457457457458,0.0
1882.047047047047,0.0
1882.3483483483483,3.219646771412954e-15
1882.6496496496497,1.6925457708039104e-05
1882.950950950951,3.2944003628632146e-05
1883.2522522522522,4.4910763765226847e-05
1883.5535535535535,4.917839672530233e-05
1883.854854854855,4.487172277678475e-05
1884.1561561561562,3.5346236869848724e-05
1884.4574574574574,2.3779501319098895e-05
1884.7587587587589,1.2783801602467282e-05
1885.06006006006,4.384544547542113e-06
1885.3613613613613,1.942890293094024e-15
1885.6626626626626,0.0
1885.963963963964,3.107478291464183e-06
1886.2652652652653,8.459921244596824e-06
1886.5665665665665,1.4569230236294306e-05
1886.867867867868,1.933302621098809e-05
1887.1691691691692,2.004532652177815e-05
1887.4704704704704,1.361087398393801e-05
1887.7717717717717,0.0
1888.0730730730731,0.0
1888.3743743743744,0.0
1888.6756756756756,0.0
1888.9769769769769,0.0
1889.2782782782783,0.0
1889.5795795795796,0.0
1889.8808808808808,0.0
1890.1821821821823,0.0
1890.4834834834835,6.376756549986151e-05
1890.7847847847847,0.00015668383745504055
1891.0860860860862,0.00027905561963875725
1891.3873873873874,0.0004328547265322613
1891.6886886886887,0.000612025440640096
1891.98998998999,0.0008066522911837071
1892.2912912912914,0.001006778475442116
1892.5925925925926,0.0012024433053604011
1892.8938938938938,0.0013836852281083334
1893.195195195195,0.0015406258554927499
1893.4964964964965,0.0016671507350533021
1893.7977977977978,0.0017623612241327025
1894.099099099099,0.0018257421263804252
1894.4004004004005,0.0018567782425044643
1894.7017017017017,0.0018549543713882177
1895.003003003003,0.001819755310469795
1895.3043043043042,0.0017515838355363633
1895.6056056056057,0.001654762310787261
1895.906906906907,0.0015346590325927
1896.2082082082081,0.00139664230082015
1896.5095095095096,0.0012460803990719804
1896.8108108108108,0.001088341565038231
1897.112112112112,0.0009287243146116064
1897.4134134134133,0.0007714029762658781
1897.7147147147148,0.0006196409918198253
1898.016016016016,0.0004766706727971082
1898.3173173173172,0.00034570874867384527
1898.6186186186187,0.00022992760767964748
1898.91991991992,0.00013238726975961512
1899.2212212212212,5.54499220090654e-05
1899.5225225225224,0.0
1899.823823823824,0.0
1900.1251251251251,0.0
1900.4264264264264,0.0
1900.7277277277278,0.0
1901.029029029029,6.087406162491593e-05
1901.3303303303303,0.000145078751825789
1901.6316316316315,0.00024763700210028716
1901.932932932933,0.00036320038669679366
1902.2342342342342,0.0004862140266791992
1902.5355355355355,0.000611024860648457
1902.836836836837,0.0007319492479492262
1903.1381381381382,0.0008437332349112148
1903.4394394394394,0.0009417125369026169
1903.7407407407406,0.001021261533858453
1904.042042042042,0.0010777532065202045
1904.3433433433433,0.0011065597660149806
1904.6446446446446,0.001103052920157055
1904.945945945946,0.0010643367736077325
1905.2472472472473,0.0009946153787857015
1905.5485485485485,0.0008999106381629707
1905.8498498498498,0.0007862435149578184
1906.1511511511512,0.0006596330574215048
1906.4524524524525,0.000526093822550866
1906.7537537537537,0.00039171111002178627
1907.0550550550552,0.00026379693818728844
1907.3563563563564,0.00015056432550952792
1907.6576576576576,6.0065176088253125e-05
1907.9589589589589,1.3739009929736312e-13
1908.2602602602603,0.0
1908.5615615615616,0.0
1908.8628628628628,7.218526202273923e-05
1909.164164164164,0.0001923867021671466
1909.4654654654655,0.00035743406604471506
1909.7667667667668,0.000563874081130955
1910.068068068068,0.0008081514150184432
1910.3693693693695,0.0010866872717208431
1910.6706706706707,0.001395475464059548
1910.971971971972,0.0017273807309670652
1911.2732732732732,0.002073866269583058
1911.5745745745746,0.0024263886785558797
1911.8758758758759,0.0027764045562562734
1912.177177177177,0.003115370501033221
1912.4784784784786,0.003434743647029004
1912.7797797797798,0.003726001600736606
1913.081081081081,0.003980648358432259
1913.3823823823823,0.004190189659644128
1913.6836836836837,0.0043461312438992095
1913.984984984985,0.0044399788507273885
1914.2862862862862,0.004463238220065224
1914.5875875875877,0.004409689221217317
1914.888888888889,0.004282054619380304
1915.1901901901902,0.004085255144729405
1915.4914914914914,0.0038242115274402244
1915.7927927927929,0.003503844497687425
1916.094094094094,0.003129074785649222
1916.3953953953953,0.0027054601193631234
1916.6966966966968,0.0022477788464053128
1916.997997997998,0.0017777517133415466
1917.2992992992993,0.0013172692855847878
1917.6006006006005,0.0008882221259502443
1917.901901901902,0.000512500714238584
1918.2032032032032,0.00021194810500807515
1918.5045045045044,2.6162405575291814e-13
1918.805805805806,0.0
1919.1071071071071,0.0
1919.4084084084084,0.0
1919.7097097097096,0.0
1920.011011011011,5.118433523493282e-05
1920.3123123123123,0.00023923777998152707
1920.6136136136136,0.00046361574717546095
1920.914914914915,0.0007049557141320939
1921.2162162162163,0.000943831367470227
1921.5175175175175,0.0011608081457895603
1921.8188188188187,0.0013364501106930549
1922.1201201201202,0.001451664297279387
1922.4214214214214,0.0014994767108359452
1922.7227227227227,0.0014879824892328752
1923.0240240240241,0.0014262188100026552
1923.3253253253254,0.0013232228276744973
1923.6266266266266,0.0011880316601680097
1923.9279279279278,0.001029682345337235
1924.2292292292293,0.0008571202487407947
1924.5305305305305,0.0006789448684396682
1924.8318318318318,0.0005036716540305353
1925.133133133133,0.0003398060448203677
1925.4344344344345,0.00019581705295401708
1925.7357357357357,8.005878547018286e-05
1926.037037037037,0.0
1926.3383383383384,0.0
1926.6396396396397,0.0
1926.940940940941,0.0
1927.2422422422424,0.0
1927.5435435435436,0.0
1927.8448448448448,3.885780586188048e-15
1928.146146146146,2.6526417597372287e-05
1928.4474474474475,5.1999254843337894e-05
1928.7487487487488,7.471789236690451e-05
1929.05005005005,9.244777800754278e-05
1929.3513513513512,0.00010246366169419652
1929.6526526526527,0.00010158321089132061
1929.953953953954,8.709661389022516e-05
1930.2552552552552,6.201899671703925e-05
1930.5565565565566,3.145433881451831e-05
1930.8578578578579,0.0
1931.1591591591591,0.0
1931.4604604604604,0.0
1931.7617617617618,0.0
1932.063063063063,0.0
1932.3643643643643,2.755773387264071e-11
1932.6656656656658,8.909199852891181e-05
1932.966966966967,0.00023472207845043336
1933.2682682682682,0.00044856270069820736
1933.5695695695695,0.0007420633998342918
1933.870870870871,0.0011242837521021065
1934.1721721721722,0.0015958161234526091
1934.4734734734734,0.0021553373964033895
1934.7747747747749,0.0028015244432549324
1935.076076076076,0.0035330541361531798
1935.3773773773773,0.004348603347244906
1935.6786786786786,0.005246043868791461
1935.97997997998,0.006212758814357844
1936.2812812812813,0.0072287862802328795
1936.5825825825825,0.00827401313986248
1936.883883883884,0.00932832626669311
1937.1851851851852,0.010371612534167851
1937.4864864864865,0.011383819851964405
1937.7877877877877,0.012353190886718435
1938.0890890890892,0.013284591822722513
1938.3903903903904,0.014184872506482982
1938.6916916916916,0.015060882784508345
1938.992992992993,0.015919472503307386
1939.2942942942943,0.016767491509386
1939.5955955955956,0.01761672304881501
1939.8968968968968,0.018510934250958733
1940.1981981981983,0.019506645696414304
1940.4994994994995,0.02066041105428984
1940.8008008008007,0.022028783993696732
1941.102102102102,0.023668318183744985
1941.4034034034034,0.025634975776607172
1941.7047047047047,0.027966744550833034
1942.006006006006,0.03068081211884599
1942.3073073073074,0.03379320563777766
1942.6086086086086,0.03731995226475193
1942.9099099099099,0.0412770791569001
1943.2112112112113,0.045680611204871935
1943.5125125125126,0.050521252273629136
1943.8138138138138,0.0557016658226101
1944.115115115115,0.06110539293706535
1944.4164164164165,0.06661597470225022
1944.7177177177177,0.07211695220340608
1945.019019019019,0.07749186652578832
1945.3203203203202,0.08262376290052914
1945.6216216216217,0.08738954924294284
1945.922922922923,0.09166198927675595
1946.2242242242241,0.0953137688660739
1946.5255255255256,0.0982175738750008
1946.8268268268268,0.10024609016763303
1947.128128128128,0.10127253199071534
1947.4294294294293,0.1012326089160272
1947.7307307307308,0.10018263937508082
1948.032032032032,0.09819269262839364
1948.3333333333333,0.09533283793648095
1948.6346346346347,0.09167314455985565
1948.935935935936,0.08728368175903861
1949.2372372372372,0.08224178927344228
1949.5385385385384,0.07666996787474306
1949.83983983984,0.07070803277243864
1950.1411411411411,0.06449583459545555
1950.4424424424424,0.05817322397270708
1950.7437437437438,0.05188005153310693
1951.045045045045,0.045754592286864515
1951.3463463463463,0.039890545593444016
1951.6476476476475,0.034331843947455754
1951.948948948949,0.02911980203062453
1952.2502502502502,0.024295734524686585
1952.5515515515515,0.019900956111366552
1952.852852852853,0.015976778949485182
1953.1541541541542,0.01255095978627968
1953.4554554554554,0.009606007468155153
1953.7567567567567,0.007115001093697837
1954.0580580580581,0.005051019761492526
1954.3593593593594,0.0033871425701280655
1954.6606606606606,0.00209644861818864
1954.961961961962,0.0011512628472429287
1955.2632632632633,0.0005150344560311271
1955.5645645645645,0.00014543404297234774
1955.8658658658658,1.4226397837546756e-12
1956.1671671671672,3.5910452561294104e-05
1956.4684684684685,0.00020969808314708072
1956.7697697697697,0.0004773902632061455
1957.071071071071,0.0008008685593611231
1957.3723723723724,0.0011533303046941668
1957.6736736736736,0.0015092055808732519
1957.9749749749749,0.0018429241847388034
1958.2762762762763,0.002128915893539529
1958.5775775775776,0.0023416104829322437
1958.8788788788788,0.002459413990136161
1959.1801801801803,0.002484403440412508
1959.4814814814815,0.0024273796719970764
1959.7827827827828,0.0022991572293982743
1960.084084084084,0.002110550657105248
1960.3853853853855,0.001872374499554852
1960.6866866866867,0.0015955411704037248
1960.987987987988,0.0012935464767515614
1961.2892892892892,0.000982668992970226
1961.5905905905906,0.0006793250093658498
1961.8918918918919,0.00039992978934744183
1962.193193193193,0.00016088862745422539
1962.4944944944946,0.0
1962.7957957957958,0.0
1963.097097097097,0.0
1963.3983983983983,0.0
1963.6996996996997,0.0
1964.001001001001,1.6237011735142914e-13
1964.3023023023022,0.00016092244676102485
1964.6036036036037,0.000365314730194799
1964.904904904905,0.0006036981178320633
1965.2062062062062,0.0008631784265514253
1965.5075075075074,0.0011307926748593267
1965.8088088088089,0.001393575354885046
1966.11011011011,0.001638560620373708
1966.4114114114113,0.0018528239292155413
1966.7127127127128,0.0020272344698152867
1967.014014014014,0.0021594546843540785
1967.3153153153153,0.0022478528668910536
1967.6166166166165,0.002290797311336301
1967.917917917918,0.002286656311524027
1968.2192192192192,0.002233798161232259
1968.5205205205204,0.0021319048637063465
1968.821821821822,0.001988155526597979
1969.1231231231232,0.0018123846412084754
1969.4244244244244,0.0016144298009174163
1969.7257257257256,0.0014041285970816109
1970.027027027027,0.0011913186120890429
1970.3283283283283,0.0009856977364784414
1970.6296296296296,0.0007935173754994307
1970.930930930931,0.0006174461914990603
1971.2322322322323,0.00045998179674117123
1971.5335335335335,0.00032360582718954367
1971.8348348348347,0.00021074947820193257
1972.1361361361362,0.00012371401472882626
1972.4374374374374,6.332292535099482e-05
1972.7387387387387,2.624277283364007e-05
1973.04004004004,7.899335046857026e-06
1973.3413413413414,3.117766258720067e-06
1973.6426426426426,6.054027851976063e-06
1973.9439439439439,1.0123173637410776e-05
1974.2452452452453,8.623171933952456e-06
1974.5465465465466,0.0
1974.8478478478478,0.0
1975.1491491491493,0.0
1975.4504504504505,0.0
1975.7517517517517,0.0
1976.053053053053,0.0
1976.3543543543544,0.0
1976.6556556556557,0.0
1976.956956956957,0.0
1977.2582582582581,0.0
1977.5595595595596,4.9460435747050724e-14
1977.8608608608608,6.307520340570472e-05
1978.162162162162,0.00014802032319016778
1978.4634634634635,0.0002500031908345135
1978.7647647647648,0.00036157526406593865
1979.066066066066,0.00047508182790606535
1979.3673673673675,0.0005827684092332697
1979.6686686686687,0.0006768354655749542
1979.96996996997,0.0007496337962824007
1980.2712712712712,0.0007974548476670229
1980.5725725725727,0.0008205459794319303
1980.873873873874,0.0008193234916382686
1981.1751751751751,0.0007942001675032562
1981.4764764764764,0.0007455852372257876
1981.7777777777778,0.0006738850111365213
1982.079079079079,0.0005812409443982092
1982.3803803803803,0.000474932679438711
1982.6816816816818,0.0003631659074551652
1982.982982982983,0.00025410069663373003
1983.2842842842842,0.00015579715175462194
1983.5855855855857,7.611314755456844e-05
1983.886886886887,2.2131837391803355e-05
1984.1881881881882,0.0
1984.4894894894894,0.0
1984.7907907907909,2.4776651362967694e-05
1985.0920920920921,7.895678741554057e-05
1985.3933933933934,0.00015902880431817312
1985.6946946946946,0.00026380612863224906
1985.995995995996,0.00038932471293756654
1986.2972972972973,0.0005273813946579109
1986.5985985985985,0.000669307479188419
1986.8998998999,0.0008064032880862326
1987.2012012012012,0.0009299582816330587
1987.5025025025025,0.0010312580235274371
1987.8038038038037,0.0011028059797179024
1988.1051051051052,0.0011435044475320844
1988.4064064064064,0.0011543473704133667
1988.7077077077076,0.0011363295665197115
1989.0090090090089,0.0010904455694493165
1989.3103103103103,0.001017689587146764
1989.6116116116116,0.000919208239058722
1989.9129129129128,0.0007994629965401567
1990.2142142142143,0.0006661216663105263
1990.5155155155155,0.00052697930950657
1990.8168168168168,0.000389819946480352
1991.1181181181182,0.0002623967879146205
1991.4194194194195,0.00015237883291385756
1991.7207207207207,6.518115316717088e-05
1992.022022022022,4.0554811731041696e-09
1992.3233233233234,0.0
1992.6246246246246,0.0
1992.9259259259259,0.0
1993.227227227227,0.0
1993.5285285285286,0.0
1993.8298298298298,0.0
1994.131131131131,0.0
1994.4324324324325,0.0
1994.7337337337337,0.0
1995.035035035035,1.2964663222536643e-05
1995.3363363363364,1.7874203316781134e-05
1995.6376376376377,1.465898152419598e-05
1995.938938938939,7.399495345783436e-06
1996.2402402402402,0.0
1996.5415415415416,0.0
1996.8428428428429,0.0
1997.144144144144,1.1033754616862623e-05
1997.4454454454453,3.925093983830896e-05
1997.7467467467468,8.639655960634984e-05
1998.048048048048,0.00015548024067485455
1998.3493493493493,0.0002490421255471609
1998.6506506506507,0.0003692788174186612
1998.951951951952,0.0005181818785665038
1999.2532532532532,0.000697418258642668
1999.5545545545547,0.0009039283910504681
1999.855855855856,0.0011302623421123315
2000.1571571571571,0.0013688005604087783
2000.4584584584584,0.001611923154826167
2000.7597597597598,0.0018520101777640963
2001.061061061061,0.002081443197654076
2001.3623623623623,0.002293617768228451
2001.6636636636636,0.0024846977295243655
2001.964964964965,0.0026513150026563626
2002.2662662662663,0.0027901015087278824
2002.5675675675675,0.00289768916883687
2002.868868868869,0.0029707099040803264
2003.1701701701702,0.0030060736175675506
2003.4714714714714,0.00300326194254541
2003.7727727727727,0.0029631481146738525
2004.0740740740741,0.00288661904284504
2004.3753753753754,0.0027745616359527436
2004.6766766766766,0.0026278628028888473
2004.9779779779778,0.00244744796002605
2005.2792792792793,0.002236532125635682
2005.5805805805805,0.0020018672655015
2005.8818818818818,0.0017505082081588075
2006.1831831831832,0.0014895097816614022
2006.4844844844845,0.0012259268108715804
2006.7857857857857,0.0009668140979059436
2007.0870870870872,0.000719330277522634
2007.3883883883884,0.0004911350655632529
2007.6896896896897,0.0002900321848131604
2007.990990990991,0.00012378550362418528
2008.2922922922924,3.2729374765949615e-13
2008.5935935935936,0.0
2008.8948948948948,0.0
2009.196196196196,0.0
2009.4974974974975,2.877179660848439e-05
2009.7987987987988,0.00015107602921410335
2010.1001001001,0.0003035262312497955
2010.4014014014015,0.00047727040366452034
2010.7027027027027,0.0006633108222990347
2011.004004004004,0.0008526273066067347
2011.3053053053054,0.0010362451760959068
2011.6066066066066,0.0012051962161769847
2011.9079079079079,0.0013505115248780841
2012.2092092092091,0.0014632220072650082
2012.5105105105106,0.0015343585037179697
2012.8118118118118,0.001556014425281138
2013.113113113113,0.0015296697839846662
2013.4144144144143,0.001461696846643934
2013.7157157157158,0.0013585100944082384
2014.017017017017,0.001226523980400851
2014.3183183183182,0.0010721528968353211
2014.6196196196197,0.0009018271833393654
2014.920920920921,0.0007228467877190559
2015.2222222222222,0.0005438056967616567
2015.5235235235236,0.0003733962120604506
2015.8248248248249,0.00022028344767094366
2016.126126126126,9.304095371909238e-05
2016.4274274274273,0.0
2016.7287287287288,0.0
2017.03003003003,0.0
2017.3313313313313,0.0
2017.6326326326325,1.1213252548714081e-14
2017.933933933934,7.650149570281872e-05
2018.2352352352352,0.00017756379514988208
2018.5365365365365,0.0002995687844346562
2018.837837837838,0.0004358704945739422
2019.1391391391392,0.0005773085310019077
2019.4404404404404,0.000714584550559394
2019.7417417417416,0.0008383789502767747
2020.043043043043,0.0009393644532472711
2020.3443443443443,0.001008218702670871
2020.6456456456456,0.0010387955693445527
2020.9469469469468,0.0010329657169533824
2021.2482482482483,0.000993844083921669
2021.5495495495495,0.0009245449041100917
2021.8508508508507,0.0008281814659762965
2022.1521521521522,0.0007078654667881379
2022.4534534534534,0.0005672943519788864
2022.7547547547547,0.0004151285128543569
2023.0560560560561,0.00026250046608738975
2023.3573573573574,0.00012049293360549829
2023.6586586586586,2.94320123828129e-13
2023.9599599599599,0.0
2024.2612612612613,0.0
2024.5625625625626,0.0
2024.8638638638638,0.0
2025.165165165165,0.0
2025.4664664664665,0.0001290915194692155
2025.7677677677677,0.0002976704700324295
2026.069069069069,0.0005039101829230064
2026.3703703703704,0.0007436637147737457
2026.6716716716717,0.0010031040388313595
2026.972972972973,0.0012657186258770436
2027.2742742742744,0.0015149939593314121
2027.5755755755756,0.0017344164002267015
2027.8768768768768,0.0019074722908270503
2028.178178178178,0.0020183435534473215
2028.4794794794796,0.002063087277478892
2028.7807807807808,0.0020477158525564754
2029.082082082082,0.0019785495312131807
2029.3833833833833,0.0018619085656408907
2029.6846846846847,0.0017041132074571697
2029.985985985986,0.001511489015545986
2030.2872872872872,0.0012920643217880223
2030.5885885885887,0.0010579991789952392
2030.88988988989,0.000822068063357051
2031.1911911911911,0.0005970448673236484
2031.4924924924926,0.0003957000497543106
2031.7937937937938,0.00023078568778300834
2032.095095095095,0.00011334139412344513
2032.3963963963963,4.0998129615610335e-05
2032.6976976976978,4.599310827801961e-06
2032.998998998999,0.0
2033.3003003003003,8.992806499463768e-15
2033.6016016016015,1.1687063054210967e-05
2033.902902902903,1.9549708248689512e-05
2034.2042042042042,1.869574960894349e-05
2034.5055055055054,1.1421832659008757e-05
2034.806806806807,4.747313653297169e-13
2035.1081081081081,0.0
2035.4094094094094,0.0
2035.7107107107106,0.0
2036.012012012012,0.0
2036.3133133133133,0.0
2036.6146146146145,0.0
2036.915915915916,0.0
2037.2172172172172,7.207211087273402e-05
2037.5185185185185,0.00018497674549444731
2037.8198198198197,0.0003458995869420334
2038.1211211211212,0.0005513397611596749
2038.4224224224224,0.0007892817763986981
2038.7237237237237,0.001047443508865764
2039.0250250250251,0.0013135384458508592
2039.3263263263264,0.0015752794428101624
2039.6276276276276,0.001820388436231779
2039.9289289289288,0.0020389941033923664
2040.2302302302303,0.0022268426206851766
2040.5315315315315,0.002380480184842937
2040.8328328328328,0.0024964529925100565
2041.134134134134,0.0025713072403025783
2041.4354354354355,0.002601589124825221
2041.7367367367367,0.0025846351615819163
2042.038038038038,0.002523878656899292
2042.3393393393394,0.0024255889403576036
2042.6406406406406,0.0022960510910566834
2042.9419419419419,0.002141550188076713
2043.2432432432433,0.0019683713104454714
2043.5445445445446,0.0017827766216296226
2043.8458458458458,0.0015900793235580912
2044.147147147147,0.0013943251601452045
2044.4484484484485,0.0011994715732580041
2044.7497497497498,0.0010094759582314206
2045.051051051051,0.0008282955089153887
2045.3523523523522,0.0006598865784361307
2045.6536536536537,0.0005077362695427579
2045.954954954955,0.0003734121020994574
2046.2562562562562,0.0002579579142017452
2046.5575575575576,0.000162325976093447
2046.8588588588589,8.727459272922511e-05
2047.16016016016,3.323068079857938e-05
2047.4614614614616,1.2212453270876722e-15
2047.7627627627628,0.0
2048.064064064064,0.0
2048.3653653653655,0.0
2048.6666666666665,0.0
2048.967967967968,0.0
2049.2692692692694,4.128281945792178e-06
2049.5705705705705,3.7434489471577237e-06
2049.871871871872,0.0
2050.1731731731734,0.0
2050.4744744744744,0.0
2050.775775775776,0.0
2051.077077077077,0.0
2051.3783783783783,0.0
2051.67967967968,0.0
2051.980980980981,2.3376023339238827e-11
2052.2822822822823,4.1233984929278655e-05
2052.5835835835837,0.00010738201746812726
2052.8848848848847,0.00020309616234215344
2053.186186186186,0.0003324616197506458
2053.4874874874877,0.0004940415925745456
2053.7887887887887,0.000679508753141933
2054.09009009009,0.0008800499267607731
2054.391391391391,0.0010868419704850862
2054.6926926926926,0.0012910595189397633
2054.993993993994,0.0014838767369212968
2055.295295295295,0.0016569459903320038
2055.5965965965966,0.0018037992055165986
2055.897897897898,0.0019184299393963933
2056.199199199199,0.001994831746754855
2056.5005005005005,0.0020269981814746707
2056.801801801802,0.002008922796928103
2057.103103103103,0.0019352313774366747
2057.4044044044044,0.0018096929885726976
2057.705705705706,0.0016429566371939375
2058.007007007007,0.001445839382253955
2058.3083083083084,0.0012291582755372121
2058.60960960961,0.0010037303372482653
2058.910910910911,0.0007803690177511369
2059.2122122122123,0.0005692590874495362
2059.5135135135133,0.00037922385170063855
2059.814814814815,0.00021888710123491029
2060.1161161161162,9.678464578549706e-05
2060.4174174174173,2.120806400834896e-05
2060.7187187187187,5.3235194030776256e-14
2061.02002002002,3.8874550474576886e-05
2061.321321321321,0.00013246659048021803
2061.6226226226227,0.00027017646681576357
2061.923923923924,0.0004410030428783074
2062.225225225225,0.0006337652616855705
2062.5265265265266,0.0008372249507974661
2062.8278278278276,0.001040165593105491
2063.129129129129,0.0012326249212480933
2063.4304304304305,0.001406202423929248
2063.7317317317315,0.0015525950166221936
2064.033033033033,0.0016634995722629164
2064.3343343343345,0.0017306129496444944
2064.6356356356355,0.0017456320244884083
2064.936936936937,0.0017034887057394421
2065.2382382382384,0.0016113155012758562
2065.5395395395394,0.0014791206307754323
2065.840840840841,0.0013169123048216713
2066.142142142142,0.0011346987094217331
2066.4434434434434,0.00094248794731977
2066.744744744745,0.0007500995585942305
2067.046046046046,0.0005647703214937683
2067.3473473473473,0.0003918577926229072
2067.6486486486488,0.00023665417068652328
2067.9499499499498,0.0001043710293096578
2068.2512512512512,0.0
2068.5525525525527,0.0
2068.8538538538537,0.0
2069.155155155155,0.0
2069.4564564564566,0.0
2069.7577577577576,0.0
2070.059059059059,0.0
2070.3603603603606,0.0
2070.6616616616616,0.0
2070.962962962963,1.0547118733938987e-15
2071.264264264264,1.6382061586217578e-05
2071.5655655655655,2.83394414045679e-05
2071.866866866867,3.52811413027454e-05
2072.168168168168,3.603825056963661e-05
2072.4694694694695,2.8982470414107286e-05
2072.770770770771,1.5367359795737112e-05
2073.072072072072,6.956751841258324e-11
2073.3733733733734,0.0
2073.674674674675,0.0
2073.975975975976,0.0
2074.2772772772773,7.5387654679404115e-06
2074.5785785785783,5.030589080906589e-05
2074.87987987988,0.00011671341747043762
2075.1811811811813,0.00020785417568064402
2075.4824824824823,0.00032440736529076863
2075.7837837837837,0.0004667912211854808
2076.085085085085,0.000635296224512194
2076.386386386386,0.0008296234511256384
2076.6876876876877,0.0010424091671210611
2076.988988988989,0.0012613518191965656
2077.29029029029,0.001474047754622121
2077.5915915915916,0.0016680931936650656
2077.892892892893,0.0018310843309514713
2078.194194194194,0.0019506444154487879
2078.4954954954956,0.0020180652162692936
2078.7967967967966,0.002031985858091556
2079.098098098098,0.00199192154021105
2079.3993993993995,0.0018973874615416664
2079.7007007007005,0.0017478988204769896
2080.002002002002,0.001542970814346123
2080.3033033033034,0.0012848834481863913
2080.6046046046044,0.0009938282696146383
2080.905905905906,0.0006971341345707871
2081.2072072072074,0.00042214739897256104
2081.5085085085084,0.0001962056683096347
2081.80980980981,4.6581222339192596e-05
2082.1111111111113,0.0
2082.4124124124123,7.448135263371514e-05
2082.713713713714,0.0002786495977916137
2083.015015015015,0.0006201121107051177
2083.3163163163163,0.0011063056940750493
2083.6176176176177,0.001744651670761821
2083.9189189189187,0.0025425701061242423
2084.22022022022,0.0034980959815488766
2084.5215215215217,0.0045766553082244865
2084.8228228228227,0.005736596399955385
2085.124124124124,0.0069362675705443855
2085.4254254254256,0.008134017133796023
2085.7267267267266,0.009288193403514777
2086.028028028028,0.010357947478185137
2086.329329329329,0.011312358155953217
2086.6306306306305,0.012127203710243117
2086.931931931932,0.012778388082006764
2087.233233233233,0.013241815212198027
2087.5345345345345,0.013493389041765225
2087.835835835836,0.013509171763595507
2088.137137137137,0.013283900320916309
2088.4384384384384,0.012848328753337634
2088.73973973974,0.012237314274335276
2089.041041041041,0.011485714097385913
2089.3423423423424,0.010628385435955012
2089.643643643644,0.009700185503518421
2089.944944944945,0.008734573959243985
2090.2462462462463,0.007756335756104071
2090.5475475475478,0.006786932248330102
2090.848848848849,0.005847818020055795
2091.1501501501502,0.0049604476554027666
2091.4514514514512,0.004146275738508509
2091.7527527527527,0.00342623642443296
2092.054054054054,0.0028065580632785636
2092.355355355355,0.0022770605803959787
2092.6566566566567,0.0018267016664380853
2092.957957957958,0.0014444390120071648
2093.259259259259,0.0011192303059065212
2093.5605605605606,0.0008400336432050071
2093.861861861862,0.0005981355534681043
2094.163163163163,0.00039258772255931773
2094.4644644644645,0.00022404136853848566
2094.7657657657655,9.30674906099993e-05
2095.067067067067,7.041589533685055e-14
2095.3683683683685,0.0
2095.6696696696695,0.0
2095.970970970971,0.0
2096.2722722722724,3.802513859341161e-14
2096.5735735735734,8.81525463702626e-05
2096.874874874875,0.00020998683859513312
2097.1761761761763,0.00036452133710285217
2097.4774774774774,0.0005504728434614636
2097.778778778779,0.0007618191408619301
2098.08008008008,0.0009838895899653421
2098.3813813813813,0.0012010701428251391
2098.6826826826828,0.00139774573278037
2098.9839839839838,0.0015583010941435105
2099.285285285285,0.0016671209158827804
2099.5865865865867,0.0017111853192873228
2099.8878878878877,0.0016929141832337236
2100.189189189189,0.001620413791988795
2100.4904904904906,0.0015017993167279475
2100.7917917917916,0.001345185920133607
2101.093093093093,0.0011586887441533411
2101.3943943943946,0.0009505214376370474
2101.6956956956956,0.0007314963567464361
2101.996996996997,0.0005152224122394466
2102.2982982982985,0.00031544017048801276
2102.5995995995995,0.00014585670342318058
2102.900900900901,2.0044144107611572e-05
2103.202202202202,0.0
2103.5035035035035,0.0
2103.804804804805,4.04121180963557e-14
2104.106106106106,0.00010019140212280675
2104.4074074074074,0.00023781568499561812
2104.708708708709,0.000402643829776006
2105.01001001001,0.0005842280223556373
2105.3113113113113,0.0007721687482609707
2105.612612612613,0.0009574239472171786
2105.913913913914,0.0011318106237740433
2106.2152152152153,0.0012871578682146223
2106.5165165165163,0.0014152944358079012
2106.8178178178177,0.0015080489776643224
2107.119119119119,0.0015573007006502437
2107.42042042042,0.0015595612069799758
2107.7217217217217,0.0015196318666002018
2108.023023023023,0.0014431746966553916
2108.324324324324,0.0013358516961655131
2108.6256256256256,0.0012033248319327505
2108.926926926927,0.0010512559985474956
2109.228228228228,0.0008854886463263711
2109.5295295295296,0.0007129020918663076
2109.8308308308306,0.0005407403788146858
2110.132132132132,0.00037624020744797537
2110.4334334334335,0.00022661047555161407
2110.734734734735,9.897028776023609e-05
2111.036036036036,0.0
2111.3373373373374,0.0
2111.6386386386384,0.0
2111.93993993994,0.0
2112.2412412412414,0.0
2112.5425425425424,0.0
2112.843843843844,0.0
2113.1451451451453,0.0
2113.4464464464463,0.0
2113.747747747748,5.450686407659777e-05
2114.0490490490492,0.00010725230669400565
2114.3503503503503,0.00015273473235663526
2114.6516516516517,0.0001850232115147843
2114.9529529529527,0.00019846694253905506
2115.254254254254,0.00019381117854688767
2115.5555555555557,0.00017557191987002674
2115.8568568568567,0.0001480404719568229
2116.158158158158,0.00011519858189273924
2116.4594594594596,8.067223129953893e-05
2116.7607607607606,4.7679812409301414e-05
2117.062062062062,1.953496402182231e-05
2117.3633633633635,0.0
2117.6646646646645,0.0
2117.965965965966,9.825473767932635e-15
2118.267267267267,2.7066329993996607e-05
2118.5685685685685,7.731081072681611e-05
2118.86986986987,0.00015284557507863616
2119.1711711711714,0.0002494007773342355
2119.4724724724724,0.00036035391595229394
2119.773773773774,0.0004788765664113792
2120.075075075075,0.0005980402201167245
2120.3763763763764,0.0007108727901256051
2120.677677677678,0.0008104629398523466
2120.978978978979,0.0008917154877280675
2121.2802802802803,0.000951359505593885
2121.5815815815818,0.000986201817354676
2121.8828828828828,0.0009930479458426789
2122.1841841841842,0.000968702412507183
2122.4854854854857,0.0009099709563814284
2122.7867867867867,0.0008163908193506708
2123.088088088088,0.000695571838879222
2123.389389389389,0.0005566044044333918
2123.6906906906906,0.0004085700623673305
2123.991991991992,0.00026052560553960213
2124.293293293293,0.00012145604032193225
2124.5945945945946,0.0
2124.895895895896,0.0
2125.197197197197,0.0
2125.4984984984985,0.0
2125.7997997998,0.0
2126.101101101101,0.0
2126.4024024024025,1.1460277171693178e-13
2126.7037037037035,0.0001844873022828486
2127.005005005005,0.00042176362346610374
2127.3063063063064,0.000700950735248923
2127.6076076076074,0.0010111049764095492
2127.908908908909,0.0013412741924253846
2128.2102102102103,0.0016805053986483076
2128.5115115115113,0.0020174550579112327
2128.812812812813,0.00233873185219019
2129.1141141141143,0.0026302754866672218
2129.4154154154153,0.0028780252906915327
2129.7167167167167,0.0030679205936115783
2130.0180180180178,0.003185900724770707
2130.319319319319,0.003218472100007308
2130.6206206206207,0.003164427640282602
2130.921921921922,0.003034440642509767
2131.223223223223,0.002839670235486813
2131.5245245245246,0.0025912755480136385
2131.8258258258256,0.002300415708886616
2132.127127127127,0.0019782507816682726
2132.4284284284286,0.0016367767028994673
2132.7297297297296,0.0012903624016569193
2133.031031031031,0.0009537950406557361
2133.3323323323325,0.0006418616809472921
2133.6336336336335,0.0003693481066226745
2133.934934934935,0.00015102691671536883
2134.2362362362364,6.436517985264345e-14
2134.5375375375374,0.0
2134.838838838839,0.0
2135.14014014014,0.0
2135.4414414414414,0.0
2135.742742742743,0.0
2136.044044044044,8.193686191010352e-05
2136.3453453453453,0.000171621568908098
2136.646646646647,0.00026229043087547255
2136.947947947948,0.00034699053349548925
2137.2492492492493,0.0004185800811948026
2137.5505505505507,0.00046980777199887025
2137.8518518518517,0.0004933553809301494
2138.153153153153,0.0004838803701192329
2138.454454454454,0.0004461732882375391
2138.7557557557557,0.00038817422753226194
2139.057057057057,0.0003177693578001184
2139.358358358358,0.00024276214691973386
2139.6596596596596,0.0001708232009370314
2139.960960960961,0.00010923354705402732
2140.262262262262,6.134978303348748e-05
2140.5635635635635,2.6737665537041044e-05
2140.864864864865,4.318532364572247e-06
2141.166166166166,0.0
2141.4674674674675,0.0
2141.7687687687685,0.0
2142.07007007007,0.0
2142.3713713713714,1.1380742642896902e-05
2142.672672672673,2.349614436797376e-05
2142.973973973974,3.328541680858166e-05
2143.2752752752754,3.7099328653089625e-05
2143.5765765765764,3.0718420599512575e-05
2143.877877877878,1.0299885322306856e-05
2144.1791791791793,0.0
2144.4804804804803,0.0
2144.781781781782,0.0
2145.0830830830832,0.0
2145.3843843843842,0.0
2145.6856856856857,0.0
2145.986986986987,0.00010710832533020187
2146.288288288288,0.0002612357188462866
2146.5895895895897,0.0004618351642301233
2146.8908908908907,0.0007081696308908758
2147.192192192192,0.0009994528810333414
2147.4934934934936,0.0013348906341053846
2147.7947947947946,0.0017136877041566412
2148.096096096096,0.002135048832580033
2148.3973973973975,0.002598178756558045
2148.6986986986985,0.003102282213096025
2149.0,0.0036465639391994598
