processing_run_id,sample_id,raw_file,baseline_family,baseline_method,baseline_implementation,baseline_config_json,corrected_spectrum_file,baseline_qc_pass,baseline_qc_reason,input_qc_pass,input_qc_reason,baseline_over_fraction,baseline_max_overshoot,baseline_oversubtraction_area,zero_clipping_fraction,candidate_peak_file,notes
erni-aspls-011a,011a,011a as iso Hyd2 dark titration 0 mV.0022,asPLS,adaptive_smoothness_PLS,Erni_ProSpecPy_asPLS,"{""asymmetric_coef"":0.5,""baseline_family"":""asPLS"",""baseline_implementation"":""Erni_ProSpecPy_asPLS"",""baseline_method"":""adaptive_smoothness_PLS"",""config_source"":""workflow_demo.ipynb"",""diff_order"":2,""lam"":100000.0,""max_iter"":100,""tol"":0.001}",corrected_spectra/erni-aspls-011a.csv,TRUE,provisional_numeric_qc_pass,TRUE,,,,,0.109,candidate_peaks/erni-aspls-011a_candidate_peaks.csv,"Prepared from Erni asPLS output; baseline QC is provisional numeric availability QC, not a validated baseline-quality threshold."
erni-aspls-011b,011b,011b as iso Hyd2 dark titration -50 mV.0004,asPLS,adaptive_smoothness_PLS,Erni_ProSpecPy_asPLS,"{""asymmetric_coef"":0.5,""baseline_family"":""asPLS"",""baseline_implementation"":""Erni_ProSpecPy_asPLS"",""baseline_method"":""adaptive_smoothness_PLS"",""config_source"":""workflow_demo.ipynb"",""diff_order"":2,""lam"":100000.0,""max_iter"":100,""tol"":0.001}",corrected_spectra/erni-aspls-011b.csv,TRUE,provisional_numeric_qc_pass,TRUE,,,,,0.118,candidate_peaks/erni-aspls-011b_candidate_peaks.csv,"Prepared from Erni asPLS output; baseline QC is provisional numeric availability QC, not a validated baseline-quality threshold."
erni-aspls-011c,011c,011c as iso Hyd2 dark titration -100 mV.0003,asPLS,adaptive_smoothness_PLS,Erni_ProSpecPy_asPLS,"{""asymmetric_coef"":0.5,""baseline_family"":""asPLS"",""baseline_implementation"":""Erni_ProSpecPy_asPLS"",""baseline_method"":""adaptive_smoothness_PLS"",""config_source"":""workflow_demo.ipynb"",""diff_order"":2,""lam"":100000.0,""max_iter"":100,""tol"":0.001}",corrected_spectra/erni-aspls-011c.csv,TRUE,provisional_numeric_qc_pass,TRUE,,,,,0.103,candidate_peaks/erni-aspls-011c_candidate_peaks.csv,"Prepared from Erni asPLS output; baseline QC is provisional numeric availability QC, not a validated baseline-quality threshold."
erni-aspls-011d,011d,011d as iso Hyd2 dark titration -1050mV.0007,asPLS,adaptive_smoothness_PLS,Erni_ProSpecPy_asPLS,"{""asymmetric_coef"":0.5,""baseline_family"":""asPLS"",""baseline_implementation"":""Erni_ProSpecPy_asPLS"",""baseline_method"":""adaptive_smoothness_PLS"",""config_source"":""workflow_demo.ipynb"",""diff_order"":2,""lam"":100000.0,""max_iter"":100,""tol"":0.001}",corrected_spectra/erni-aspls-011d.csv,TRUE,provisional_numeric_qc_pass,TRUE,,,,,0.1,candidate_peaks/erni-aspls-011d_candidate_peaks.csv,"Prepared from Erni asPLS output; baseline QC is provisional numeric availability QC, not a validated baseline-quality threshold."
erni-aspls-011e,011e,011e as iso Hyd2 dark titration -200mV.0011,asPLS,adaptive_smoothness_PLS,Erni_ProSpecPy_asPLS,"{""asymmetric_coef"":0.5,""baseline_family"":""asPLS"",""baseline_implementation"":""Erni_ProSpecPy_asPLS"",""baseline_method"":""adaptive_smoothness_PLS"",""config_source"":""workflow_demo.ipynb"",""diff_order"":2,""lam"":100000.0,""max_iter"":100,""tol"":0.001}",corrected_spectra/erni-aspls-011e.csv,TRUE,provisional_numeric_qc_pass,TRUE,,,,,0.161,candidate_peaks/erni-aspls-011e_candidate_peaks.csv,"Prepared from Erni asPLS output; baseline QC is provisional numeric availability QC, not a validated baseline-quality threshold."
erni-aspls-011f,011f,011f as iso Hyd2 dark titration -250mV.0008,asPLS,adaptive_smoothness_PLS,Erni_ProSpecPy_asPLS,"{""asymmetric_coef"":0.5,""baseline_family"":""asPLS"",""baseline_implementation"":""Erni_ProSpecPy_asPLS"",""baseline_method"":""adaptive_smoothness_PLS"",""config_source"":""workflow_demo.ipynb"",""diff_order"":2,""lam"":100000.0,""max_iter"":100,""tol"":0.001}",corrected_spectra/erni-aspls-011f.csv,TRUE,provisional_numeric_qc_pass,TRUE,,,,,0.149,candidate_peaks/erni-aspls-011f_candidate_peaks.csv,"Prepared from Erni asPLS output; baseline QC is provisional numeric availability QC, not a validated baseline-quality threshold."
erni-aspls-011g,011g,011g as iso Hyd2 dark titration -275mV.0007,asPLS,adaptive_smoothness_PLS,Erni_ProSpecPy_asPLS,"{""asymmetric_coef"":0.5,""baseline_family"":""asPLS"",""baseline_implementation"":""Erni_ProSpecPy_asPLS"",""baseline_method"":""adaptive_smoothness_PLS"",""config_source"":""workflow_demo.ipynb"",""diff_order"":2,""lam"":100000.0,""max_iter"":100,""tol"":0.001}",corrected_spectra/erni-aspls-011g.csv,TRUE,provisional_numeric_qc_pass,TRUE,,,,,0.152,candidate_peaks/erni-aspls-011g_candidate_peaks.csv,"Prepared from Erni asPLS output; baseline QC is provisional numeric availability QC, not a validated baseline-quality threshold."
erni-aspls-011h,011h,011h as iso Hyd2 dark titration -300mV.0006,asPLS,adaptive_smoothness_PLS,Erni_ProSpecPy_asPLS,"{""asymmetric_coef"":0.5,""baseline_family"":""asPLS"",""baseline_implementation"":""Erni_ProSpecPy_asPLS"",""baseline_method"":""adaptive_smoothness_PLS"",""config_source"":""workflow_demo.ipynb"",""diff_order"":2,""lam"":100000.0,""max_iter"":100,""tol"":0.001}",corrected_spectra/erni-aspls-011h.csv,TRUE,provisional_numeric_qc_pass,TRUE,,,,,0.212,candidate_peaks/erni-aspls-011h_candidate_peaks.csv,"Prepared from Erni asPLS output; baseline QC is provisional numeric availability QC, not a validated baseline-quality threshold."
erni-aspls-011i,011i,011i as iso Hyd2 dark titration -325mV.0008,asPLS,adaptive_smoothness_PLS,Erni_ProSpecPy_asPLS,"{""asymmetric_coef"":0.5,""baseline_family"":""asPLS"",""baseline_implementation"":""Erni_ProSpecPy_asPLS"",""baseline_method"":""adaptive_smoothness_PLS"",""config_source"":""workflow_demo.ipynb"",""diff_order"":2,""lam"":100000.0,""max_iter"":100,""tol"":0.001}",corrected_spectra/erni-aspls-011i.csv,TRUE,provisional_numeric_qc_pass,TRUE,,,,,0.169,candidate_peaks/erni-aspls-011i_candidate_peaks.csv,"Prepared from Erni asPLS output; baseline QC is provisional numeric availability QC, not a validated baseline-quality threshold."
erni-aspls-011k,011k,011k as iso Hyd2 dark titration -375mV.0016,asPLS,adaptive_smoothness_PLS,Erni_ProSpecPy_asPLS,"{""asymmetric_coef"":0.5,""baseline_family"":""asPLS"",""baseline_implementation"":""Erni_ProSpecPy_asPLS"",""baseline_method"":""adaptive_smoothness_PLS"",""config_source"":""workflow_demo.ipynb"",""diff_order"":2,""lam"":100000.0,""max_iter"":100,""tol"":0.001}",corrected_spectra/erni-aspls-011k.csv,TRUE,provisional_numeric_qc_pass,TRUE,,,,,0.179,candidate_peaks/erni-aspls-011k_candidate_peaks.csv,"Prepared from Erni asPLS output; baseline QC is provisional numeric availability QC, not a validated baseline-quality threshold."
erni-aspls-011l,011l,011l as iso Hyd2 dark titration -400mV.0016,asPLS,adaptive_smoothness_PLS,Erni_ProSpecPy_asPLS,"{""asymmetric_coef"":0.5,""baseline_family"":""asPLS"",""baseline_implementation"":""Erni_ProSpecPy_asPLS"",""baseline_method"":""adaptive_smoothness_PLS"",""config_source"":""workflow_demo.ipynb"",""diff_order"":2,""lam"":100000.0,""max_iter"":100,""tol"":0.001}",corrected_spectra/erni-aspls-011l.csv,TRUE,provisional_numeric_qc_pass,TRUE,,,,,0.242,candidate_peaks/erni-aspls-011l_candidate_peaks.csv,"Prepared from Erni asPLS output; baseline QC is provisional numeric availability QC, not a validated baseline-quality threshold."
erni-aspls-011m,011m,011m as iso Hyd2 dark titration -425mV.0018,asPLS,adaptive_smoothness_PLS,Erni_ProSpecPy_asPLS,"{""asymmetric_coef"":0.5,""baseline_family"":""asPLS"",""baseline_implementation"":""Erni_ProSpecPy_asPLS"",""baseline_method"":""adaptive_smoothness_PLS"",""config_source"":""workflow_demo.ipynb"",""diff_order"":2,""lam"":100000.0,""max_iter"":100,""tol"":0.001}",corrected_spectra/erni-aspls-011m.csv,TRUE,provisional_numeric_qc_pass,TRUE,,,,,0.291,candidate_peaks/erni-aspls-011m_candidate_peaks.csv,"Prepared from Erni asPLS output; baseline QC is provisional numeric availability QC, not a validated baseline-quality threshold."
erni-aspls-011n,011n,011n as iso Hyd2 dark titration -450mV.0014,asPLS,adaptive_smoothness_PLS,Erni_ProSpecPy_asPLS,"{""asymmetric_coef"":0.5,""baseline_family"":""asPLS"",""baseline_implementation"":""Erni_ProSpecPy_asPLS"",""baseline_method"":""adaptive_smoothness_PLS"",""config_source"":""workflow_demo.ipynb"",""diff_order"":2,""lam"":100000.0,""max_iter"":100,""tol"":0.001}",corrected_spectra/erni-aspls-011n.csv,TRUE,provisional_numeric_qc_pass,TRUE,,,,,0.285,candidate_peaks/erni-aspls-011n_candidate_peaks.csv,"Prepared from Erni asPLS output; baseline QC is provisional numeric availability QC, not a validated baseline-quality threshold."
erni-aspls-011o,011o,011o as iso Hyd2 dark titration -475mV.0007,asPLS,adaptive_smoothness_PLS,Erni_ProSpecPy_asPLS,"{""asymmetric_coef"":0.5,""baseline_family"":""asPLS"",""baseline_implementation"":""Erni_ProSpecPy_asPLS"",""baseline_method"":""adaptive_smoothness_PLS"",""config_source"":""workflow_demo.ipynb"",""diff_order"":2,""lam"":100000.0,""max_iter"":100,""tol"":0.001}",corrected_spectra/erni-aspls-011o.csv,TRUE,provisional_numeric_qc_pass,TRUE,,,,,0.199,candidate_peaks/erni-aspls-011o_candidate_peaks.csv,"Prepared from Erni asPLS output; baseline QC is provisional numeric availability QC, not a validated baseline-quality threshold."
erni-aspls-011p,011p,011p as iso Hyd2 dark titration -500mV.0007,asPLS,adaptive_smoothness_PLS,Erni_ProSpecPy_asPLS,"{""asymmetric_coef"":0.5,""baseline_family"":""asPLS"",""baseline_implementation"":""Erni_ProSpecPy_asPLS"",""baseline_method"":""adaptive_smoothness_PLS"",""config_source"":""workflow_demo.ipynb"",""diff_order"":2,""lam"":100000.0,""max_iter"":100,""tol"":0.001}",corrected_spectra/erni-aspls-011p.csv,TRUE,provisional_numeric_qc_pass,TRUE,,,,,0.21,candidate_peaks/erni-aspls-011p_candidate_peaks.csv,"Prepared from Erni asPLS output; baseline QC is provisional numeric availability QC, not a validated baseline-quality threshold."
erni-aspls-011q,011q,011q as iso Hyd2 dark titration -550mV.0012,asPLS,adaptive_smoothness_PLS,Erni_ProSpecPy_asPLS,"{""asymmetric_coef"":0.5,""baseline_family"":""asPLS"",""baseline_implementation"":""Erni_ProSpecPy_asPLS"",""baseline_method"":""adaptive_smoothness_PLS"",""config_source"":""workflow_demo.ipynb"",""diff_order"":2,""lam"":100000.0,""max_iter"":100,""tol"":0.001}",corrected_spectra/erni-aspls-011q.csv,TRUE,provisional_numeric_qc_pass,TRUE,,,,,0.163,candidate_peaks/erni-aspls-011q_candidate_peaks.csv,"Prepared from Erni asPLS output; baseline QC is provisional numeric availability QC, not a validated baseline-quality threshold."
erni-aspls-011r,011r,011r as iso Hyd2 dark titration -600mV.0009,asPLS,adaptive_smoothness_PLS,Erni_ProSpecPy_asPLS,"{""asymmetric_coef"":0.5,""baseline_family"":""asPLS"",""baseline_implementation"":""Erni_ProSpecPy_asPLS"",""baseline_method"":""adaptive_smoothness_PLS"",""config_source"":""workflow_demo.ipynb"",""diff_order"":2,""lam"":100000.0,""max_iter"":100,""tol"":0.001}",corrected_spectra/erni-aspls-011r.csv,TRUE,provisional_numeric_qc_pass,TRUE,,,,,0.126,candidate_peaks/erni-aspls-011r_candidate_peaks.csv,"Prepared from Erni asPLS output; baseline QC is provisional numeric availability QC, not a validated baseline-quality threshold."
erni-aspls-011s,011s,011s as iso Hyd2 dark titration -700mV.0009,asPLS,adaptive_smoothness_PLS,Erni_ProSpecPy_asPLS,"{""asymmetric_coef"":0.5,""baseline_family"":""asPLS"",""baseline_implementation"":""Erni_ProSpecPy_asPLS"",""baseline_method"":""adaptive_smoothness_PLS"",""config_source"":""workflow_demo.ipynb"",""diff_order"":2,""lam"":100000.0,""max_iter"":100,""tol"":0.001}",corrected_spectra/erni-aspls-011s.csv,TRUE,provisional_numeric_qc_pass,TRUE,,,,,0.12,candidate_peaks/erni-aspls-011s_candidate_peaks.csv,"Prepared from Erni asPLS output; baseline QC is provisional numeric availability QC, not a validated baseline-quality threshold."
erni-aspls-011t,011t,011t as iso Hyd2 dark titration -800mV.0004,asPLS,adaptive_smoothness_PLS,Erni_ProSpecPy_asPLS,"{""asymmetric_coef"":0.5,""baseline_family"":""asPLS"",""baseline_implementation"":""Erni_ProSpecPy_asPLS"",""baseline_method"":""adaptive_smoothness_PLS"",""config_source"":""workflow_demo.ipynb"",""diff_order"":2,""lam"":100000.0,""max_iter"":100,""tol"":0.001}",corrected_spectra/erni-aspls-011t.csv,TRUE,provisional_numeric_qc_pass,TRUE,,,,,0.124,candidate_peaks/erni-aspls-011t_candidate_peaks.csv,"Prepared from Erni asPLS output; baseline QC is provisional numeric availability QC, not a validated baseline-quality threshold."
