fit_attempt_id,processing_run_id,sample_id,raw_file,run_timestamp_utc,software_version,processing_mode,fit_attempt_status,fit_model,solver,bound_profile_id,wavenumber_min_cm1,wavenumber_max_cm1,threshold,adjustment_factor,atmospheric_correction_method,baseline_method,baseline_config_json,detected_peak_count,fitted_peak_count,fit_converged,solver_status,solver_message,nfev,rmse,residual_mean,residual_max_abs,input_qc_pass,input_qc_reason,baseline_qc_pass,baseline_qc_reason,baseline_over_fraction,baseline_max_overshoot,baseline_oversubtraction_area,zero_clipping_fraction,fit_valid,fit_valid_reason,needs_manual_review,manual_review_reason,overall_qc,overall_qc_reason,triggered_rule_count,notes
erni-aspls-011a-gaussian,erni-aspls-011a,011a,011a as iso Hyd2 dark titration 0 mV.0022,2026-08-06T14:56:30Z,week6_standalone_peak_fitting_wrapper_v0.1,automated,completed,Gaussian,scipy.optimize.curve_fit,pH6_bounds_v0.1,1848.0,2149.0,,,,adaptive_smoothness_PLS,"{""asymmetric_coef"":0.5,""baseline_family"":""asPLS"",""baseline_implementation"":""Erni_ProSpecPy_asPLS"",""baseline_method"":""adaptive_smoothness_PLS"",""config_source"":""workflow_demo.ipynb"",""diff_order"":2,""lam"":100000.0,""max_iter"":100,""tol"":0.001}",2,2,TRUE,COMPLETED,,,0.0025746410334160827,0.001441640494437548,0.011830623828691322,TRUE,,TRUE,,,,,0.109,TRUE,,FALSE,,TRUE,,0,"candidate_peak_source=/workspaces/ProSpecPy/peak_fitting_results/erni_inputs/candidate_peaks/erni-aspls-011a_candidate_peaks.csv; metadata_notes=Prepared from Erni asPLS output; baseline QC is provisional numeric availability QC, not a validated baseline-quality threshold."
erni-aspls-011a-lorentzian,erni-aspls-011a,011a,011a as iso Hyd2 dark titration 0 mV.0022,2026-08-06T14:56:30Z,week6_standalone_peak_fitting_wrapper_v0.1,automated,completed,Lorentzian,scipy.optimize.curve_fit,pH6_bounds_v0.1,1848.0,2149.0,,,,adaptive_smoothness_PLS,"{""asymmetric_coef"":0.5,""baseline_family"":""asPLS"",""baseline_implementation"":""Erni_ProSpecPy_asPLS"",""baseline_method"":""adaptive_smoothness_PLS"",""config_source"":""workflow_demo.ipynb"",""diff_order"":2,""lam"":100000.0,""max_iter"":100,""tol"":0.001}",2,2,TRUE,COMPLETED,,,0.003082112536243422,0.00044772945618077085,0.011734876222090018,TRUE,,TRUE,,,,,0.109,TRUE,,FALSE,,TRUE,,0,"candidate_peak_source=/workspaces/ProSpecPy/peak_fitting_results/erni_inputs/candidate_peaks/erni-aspls-011a_candidate_peaks.csv; metadata_notes=Prepared from Erni asPLS output; baseline QC is provisional numeric availability QC, not a validated baseline-quality threshold."
erni-aspls-011b-gaussian,erni-aspls-011b,011b,011b as iso Hyd2 dark titration -50 mV.0004,2026-08-06T14:56:30Z,week6_standalone_peak_fitting_wrapper_v0.1,automated,completed,Gaussian,scipy.optimize.curve_fit,pH6_bounds_v0.1,1848.0,2149.0,,,,adaptive_smoothness_PLS,"{""asymmetric_coef"":0.5,""baseline_family"":""asPLS"",""baseline_implementation"":""Erni_ProSpecPy_asPLS"",""baseline_method"":""adaptive_smoothness_PLS"",""config_source"":""workflow_demo.ipynb"",""diff_order"":2,""lam"":100000.0,""max_iter"":100,""tol"":0.001}",1,1,TRUE,COMPLETED,,,0.003356916382375643,0.001659771564193254,0.01787851928978651,TRUE,,TRUE,,,,,0.118,TRUE,,FALSE,,TRUE,,0,"candidate_peak_source=/workspaces/ProSpecPy/peak_fitting_results/erni_inputs/candidate_peaks/erni-aspls-011b_candidate_peaks.csv; metadata_notes=Prepared from Erni asPLS output; baseline QC is provisional numeric availability QC, not a validated baseline-quality threshold."
erni-aspls-011b-lorentzian,erni-aspls-011b,011b,011b as iso Hyd2 dark titration -50 mV.0004,2026-08-06T14:56:30Z,week6_standalone_peak_fitting_wrapper_v0.1,automated,completed,Lorentzian,scipy.optimize.curve_fit,pH6_bounds_v0.1,1848.0,2149.0,,,,adaptive_smoothness_PLS,"{""asymmetric_coef"":0.5,""baseline_family"":""asPLS"",""baseline_implementation"":""Erni_ProSpecPy_asPLS"",""baseline_method"":""adaptive_smoothness_PLS"",""config_source"":""workflow_demo.ipynb"",""diff_order"":2,""lam"":100000.0,""max_iter"":100,""tol"":0.001}",1,1,TRUE,COMPLETED,,,0.0037842639969641613,0.0008287435063153674,0.017817914723217327,TRUE,,TRUE,,,,,0.118,TRUE,,FALSE,,TRUE,,0,"candidate_peak_source=/workspaces/ProSpecPy/peak_fitting_results/erni_inputs/candidate_peaks/erni-aspls-011b_candidate_peaks.csv; metadata_notes=Prepared from Erni asPLS output; baseline QC is provisional numeric availability QC, not a validated baseline-quality threshold."
erni-aspls-011c-gaussian,erni-aspls-011c,011c,011c as iso Hyd2 dark titration -100 mV.0003,2026-08-06T14:56:30Z,week6_standalone_peak_fitting_wrapper_v0.1,automated,completed,Gaussian,scipy.optimize.curve_fit,pH6_bounds_v0.1,1848.0,2149.0,,,,adaptive_smoothness_PLS,"{""asymmetric_coef"":0.5,""baseline_family"":""asPLS"",""baseline_implementation"":""Erni_ProSpecPy_asPLS"",""baseline_method"":""adaptive_smoothness_PLS"",""config_source"":""workflow_demo.ipynb"",""diff_order"":2,""lam"":100000.0,""max_iter"":100,""tol"":0.001}",2,2,TRUE,COMPLETED,,,0.003012079322439207,0.0015429917708665451,0.015642838687459994,TRUE,,TRUE,,,,,0.103,TRUE,,FALSE,,TRUE,,0,"candidate_peak_source=/workspaces/ProSpecPy/peak_fitting_results/erni_inputs/candidate_peaks/erni-aspls-011c_candidate_peaks.csv; metadata_notes=Prepared from Erni asPLS output; baseline QC is provisional numeric availability QC, not a validated baseline-quality threshold."
erni-aspls-011c-lorentzian,erni-aspls-011c,011c,011c as iso Hyd2 dark titration -100 mV.0003,2026-08-06T14:56:30Z,week6_standalone_peak_fitting_wrapper_v0.1,automated,completed,Lorentzian,scipy.optimize.curve_fit,pH6_bounds_v0.1,1848.0,2149.0,,,,adaptive_smoothness_PLS,"{""asymmetric_coef"":0.5,""baseline_family"":""asPLS"",""baseline_implementation"":""Erni_ProSpecPy_asPLS"",""baseline_method"":""adaptive_smoothness_PLS"",""config_source"":""workflow_demo.ipynb"",""diff_order"":2,""lam"":100000.0,""max_iter"":100,""tol"":0.001}",2,2,TRUE,COMPLETED,,,0.0035699444148040425,0.0005883926440938124,0.013045366876980435,TRUE,,TRUE,,,,,0.103,TRUE,,FALSE,,TRUE,,0,"candidate_peak_source=/workspaces/ProSpecPy/peak_fitting_results/erni_inputs/candidate_peaks/erni-aspls-011c_candidate_peaks.csv; metadata_notes=Prepared from Erni asPLS output; baseline QC is provisional numeric availability QC, not a validated baseline-quality threshold."
erni-aspls-011d-gaussian,erni-aspls-011d,011d,011d as iso Hyd2 dark titration -1050mV.0007,2026-08-06T14:56:30Z,week6_standalone_peak_fitting_wrapper_v0.1,automated,completed,Gaussian,scipy.optimize.curve_fit,pH6_bounds_v0.1,1848.0,2149.0,,,,adaptive_smoothness_PLS,"{""asymmetric_coef"":0.5,""baseline_family"":""asPLS"",""baseline_implementation"":""Erni_ProSpecPy_asPLS"",""baseline_method"":""adaptive_smoothness_PLS"",""config_source"":""workflow_demo.ipynb"",""diff_order"":2,""lam"":100000.0,""max_iter"":100,""tol"":0.001}",2,2,TRUE,COMPLETED,,,0.002313684337418675,0.0011776921948522616,0.013534618394978925,TRUE,,TRUE,,,,,0.1,TRUE,,FALSE,,TRUE,,0,"candidate_peak_source=/workspaces/ProSpecPy/peak_fitting_results/erni_inputs/candidate_peaks/erni-aspls-011d_candidate_peaks.csv; metadata_notes=Prepared from Erni asPLS output; baseline QC is provisional numeric availability QC, not a validated baseline-quality threshold."
erni-aspls-011d-lorentzian,erni-aspls-011d,011d,011d as iso Hyd2 dark titration -1050mV.0007,2026-08-06T14:56:30Z,week6_standalone_peak_fitting_wrapper_v0.1,automated,completed,Lorentzian,scipy.optimize.curve_fit,pH6_bounds_v0.1,1848.0,2149.0,,,,adaptive_smoothness_PLS,"{""asymmetric_coef"":0.5,""baseline_family"":""asPLS"",""baseline_implementation"":""Erni_ProSpecPy_asPLS"",""baseline_method"":""adaptive_smoothness_PLS"",""config_source"":""workflow_demo.ipynb"",""diff_order"":2,""lam"":100000.0,""max_iter"":100,""tol"":0.001}",2,2,TRUE,COMPLETED,,,0.0030267959290664085,0.0003278167849558259,0.011495795888072414,TRUE,,TRUE,,,,,0.1,TRUE,,FALSE,,TRUE,,0,"candidate_peak_source=/workspaces/ProSpecPy/peak_fitting_results/erni_inputs/candidate_peaks/erni-aspls-011d_candidate_peaks.csv; metadata_notes=Prepared from Erni asPLS output; baseline QC is provisional numeric availability QC, not a validated baseline-quality threshold."
erni-aspls-011e-gaussian,erni-aspls-011e,011e,011e as iso Hyd2 dark titration -200mV.0011,2026-08-06T14:56:30Z,week6_standalone_peak_fitting_wrapper_v0.1,automated,completed,Gaussian,scipy.optimize.curve_fit,pH6_bounds_v0.1,1848.0,2149.0,,,,adaptive_smoothness_PLS,"{""asymmetric_coef"":0.5,""baseline_family"":""asPLS"",""baseline_implementation"":""Erni_ProSpecPy_asPLS"",""baseline_method"":""adaptive_smoothness_PLS"",""config_source"":""workflow_demo.ipynb"",""diff_order"":2,""lam"":100000.0,""max_iter"":100,""tol"":0.001}",1,1,TRUE,COMPLETED,,,0.006359855177838805,0.0022687285539316547,0.03111470665693682,TRUE,,TRUE,,,,,0.161,TRUE,,FALSE,,TRUE,,0,"candidate_peak_source=/workspaces/ProSpecPy/peak_fitting_results/erni_inputs/candidate_peaks/erni-aspls-011e_candidate_peaks.csv; metadata_notes=Prepared from Erni asPLS output; baseline QC is provisional numeric availability QC, not a validated baseline-quality threshold."
erni-aspls-011e-lorentzian,erni-aspls-011e,011e,011e as iso Hyd2 dark titration -200mV.0011,2026-08-06T14:56:30Z,week6_standalone_peak_fitting_wrapper_v0.1,automated,completed,Lorentzian,scipy.optimize.curve_fit,pH6_bounds_v0.1,1848.0,2149.0,,,,adaptive_smoothness_PLS,"{""asymmetric_coef"":0.5,""baseline_family"":""asPLS"",""baseline_implementation"":""Erni_ProSpecPy_asPLS"",""baseline_method"":""adaptive_smoothness_PLS"",""config_source"":""workflow_demo.ipynb"",""diff_order"":2,""lam"":100000.0,""max_iter"":100,""tol"":0.001}",1,1,TRUE,COMPLETED,,,0.005353080916944474,0.0011391951517029945,0.022581292265580585,TRUE,,TRUE,,,,,0.161,TRUE,,FALSE,,TRUE,,0,"candidate_peak_source=/workspaces/ProSpecPy/peak_fitting_results/erni_inputs/candidate_peaks/erni-aspls-011e_candidate_peaks.csv; metadata_notes=Prepared from Erni asPLS output; baseline QC is provisional numeric availability QC, not a validated baseline-quality threshold."
erni-aspls-011f-gaussian,erni-aspls-011f,011f,011f as iso Hyd2 dark titration -250mV.0008,2026-08-06T14:56:30Z,week6_standalone_peak_fitting_wrapper_v0.1,automated,completed,Gaussian,scipy.optimize.curve_fit,pH6_bounds_v0.1,1848.0,2149.0,,,,adaptive_smoothness_PLS,"{""asymmetric_coef"":0.5,""baseline_family"":""asPLS"",""baseline_implementation"":""Erni_ProSpecPy_asPLS"",""baseline_method"":""adaptive_smoothness_PLS"",""config_source"":""workflow_demo.ipynb"",""diff_order"":2,""lam"":100000.0,""max_iter"":100,""tol"":0.001}",3,3,TRUE,COMPLETED,,,0.002932200573223592,0.001165192335782811,0.012412520449246027,TRUE,,TRUE,,,,,0.149,TRUE,,FALSE,,TRUE,,0,"candidate_peak_source=/workspaces/ProSpecPy/peak_fitting_results/erni_inputs/candidate_peaks/erni-aspls-011f_candidate_peaks.csv; metadata_notes=Prepared from Erni asPLS output; baseline QC is provisional numeric availability QC, not a validated baseline-quality threshold."
erni-aspls-011f-lorentzian,erni-aspls-011f,011f,011f as iso Hyd2 dark titration -250mV.0008,2026-08-06T14:56:30Z,week6_standalone_peak_fitting_wrapper_v0.1,automated,completed,Lorentzian,scipy.optimize.curve_fit,pH6_bounds_v0.1,1848.0,2149.0,,,,adaptive_smoothness_PLS,"{""asymmetric_coef"":0.5,""baseline_family"":""asPLS"",""baseline_implementation"":""Erni_ProSpecPy_asPLS"",""baseline_method"":""adaptive_smoothness_PLS"",""config_source"":""workflow_demo.ipynb"",""diff_order"":2,""lam"":100000.0,""max_iter"":100,""tol"":0.001}",3,3,TRUE,COMPLETED,,,0.0028299666807046924,0.0004167343473563794,0.010733937008462802,TRUE,,TRUE,,,,,0.149,TRUE,,FALSE,,TRUE,,0,"candidate_peak_source=/workspaces/ProSpecPy/peak_fitting_results/erni_inputs/candidate_peaks/erni-aspls-011f_candidate_peaks.csv; metadata_notes=Prepared from Erni asPLS output; baseline QC is provisional numeric availability QC, not a validated baseline-quality threshold."
erni-aspls-011g-gaussian,erni-aspls-011g,011g,011g as iso Hyd2 dark titration -275mV.0007,2026-08-06T14:56:30Z,week6_standalone_peak_fitting_wrapper_v0.1,automated,completed,Gaussian,scipy.optimize.curve_fit,pH6_bounds_v0.1,1848.0,2149.0,,,,adaptive_smoothness_PLS,"{""asymmetric_coef"":0.5,""baseline_family"":""asPLS"",""baseline_implementation"":""Erni_ProSpecPy_asPLS"",""baseline_method"":""adaptive_smoothness_PLS"",""config_source"":""workflow_demo.ipynb"",""diff_order"":2,""lam"":100000.0,""max_iter"":100,""tol"":0.001}",2,2,TRUE,COMPLETED,,,0.003531898410015921,0.0015081634724529315,0.01662010174895917,TRUE,,TRUE,,,,,0.152,TRUE,,FALSE,,TRUE,,0,"candidate_peak_source=/workspaces/ProSpecPy/peak_fitting_results/erni_inputs/candidate_peaks/erni-aspls-011g_candidate_peaks.csv; metadata_notes=Prepared from Erni asPLS output; baseline QC is provisional numeric availability QC, not a validated baseline-quality threshold."
erni-aspls-011g-lorentzian,erni-aspls-011g,011g,011g as iso Hyd2 dark titration -275mV.0007,2026-08-06T14:56:30Z,week6_standalone_peak_fitting_wrapper_v0.1,automated,completed,Lorentzian,scipy.optimize.curve_fit,pH6_bounds_v0.1,1848.0,2149.0,,,,adaptive_smoothness_PLS,"{""asymmetric_coef"":0.5,""baseline_family"":""asPLS"",""baseline_implementation"":""Erni_ProSpecPy_asPLS"",""baseline_method"":""adaptive_smoothness_PLS"",""config_source"":""workflow_demo.ipynb"",""diff_order"":2,""lam"":100000.0,""max_iter"":100,""tol"":0.001}",2,2,TRUE,COMPLETED,,,0.003365178160932858,0.0008808403391943047,0.016545283964882782,TRUE,,TRUE,,,,,0.152,TRUE,,FALSE,,TRUE,,0,"candidate_peak_source=/workspaces/ProSpecPy/peak_fitting_results/erni_inputs/candidate_peaks/erni-aspls-011g_candidate_peaks.csv; metadata_notes=Prepared from Erni asPLS output; baseline QC is provisional numeric availability QC, not a validated baseline-quality threshold."
erni-aspls-011h-gaussian,erni-aspls-011h,011h,011h as iso Hyd2 dark titration -300mV.0006,2026-08-06T14:56:30Z,week6_standalone_peak_fitting_wrapper_v0.1,automated,completed,Gaussian,scipy.optimize.curve_fit,pH6_bounds_v0.1,1848.0,2149.0,,,,adaptive_smoothness_PLS,"{""asymmetric_coef"":0.5,""baseline_family"":""asPLS"",""baseline_implementation"":""Erni_ProSpecPy_asPLS"",""baseline_method"":""adaptive_smoothness_PLS"",""config_source"":""workflow_demo.ipynb"",""diff_order"":2,""lam"":100000.0,""max_iter"":100,""tol"":0.001}",1,1,TRUE,COMPLETED,,,0.0036185697349511037,0.0015126161451752447,0.019611751290544266,TRUE,,TRUE,,,,,0.212,TRUE,,FALSE,,TRUE,,0,"candidate_peak_source=/workspaces/ProSpecPy/peak_fitting_results/erni_inputs/candidate_peaks/erni-aspls-011h_candidate_peaks.csv; metadata_notes=Prepared from Erni asPLS output; baseline QC is provisional numeric availability QC, not a validated baseline-quality threshold."
erni-aspls-011h-lorentzian,erni-aspls-011h,011h,011h as iso Hyd2 dark titration -300mV.0006,2026-08-06T14:56:30Z,week6_standalone_peak_fitting_wrapper_v0.1,automated,completed,Lorentzian,scipy.optimize.curve_fit,pH6_bounds_v0.1,1848.0,2149.0,,,,adaptive_smoothness_PLS,"{""asymmetric_coef"":0.5,""baseline_family"":""asPLS"",""baseline_implementation"":""Erni_ProSpecPy_asPLS"",""baseline_method"":""adaptive_smoothness_PLS"",""config_source"":""workflow_demo.ipynb"",""diff_order"":2,""lam"":100000.0,""max_iter"":100,""tol"":0.001}",1,1,TRUE,COMPLETED,,,0.0036062326593210422,0.0008912553070533933,0.019571118513231924,TRUE,,TRUE,,,,,0.212,TRUE,,FALSE,,TRUE,,0,"candidate_peak_source=/workspaces/ProSpecPy/peak_fitting_results/erni_inputs/candidate_peaks/erni-aspls-011h_candidate_peaks.csv; metadata_notes=Prepared from Erni asPLS output; baseline QC is provisional numeric availability QC, not a validated baseline-quality threshold."
erni-aspls-011i-gaussian,erni-aspls-011i,011i,011i as iso Hyd2 dark titration -325mV.0008,2026-08-06T14:56:30Z,week6_standalone_peak_fitting_wrapper_v0.1,automated,completed,Gaussian,scipy.optimize.curve_fit,pH6_bounds_v0.1,1848.0,2149.0,,,,adaptive_smoothness_PLS,"{""asymmetric_coef"":0.5,""baseline_family"":""asPLS"",""baseline_implementation"":""Erni_ProSpecPy_asPLS"",""baseline_method"":""adaptive_smoothness_PLS"",""config_source"":""workflow_demo.ipynb"",""diff_order"":2,""lam"":100000.0,""max_iter"":100,""tol"":0.001}",1,1,TRUE,COMPLETED,,,0.0024700906869623645,0.001086089618641685,0.013509171763595507,TRUE,,TRUE,,,,,0.169,TRUE,,FALSE,,TRUE,,0,"candidate_peak_source=/workspaces/ProSpecPy/peak_fitting_results/erni_inputs/candidate_peaks/erni-aspls-011i_candidate_peaks.csv; metadata_notes=Prepared from Erni asPLS output; baseline QC is provisional numeric availability QC, not a validated baseline-quality threshold."
erni-aspls-011i-lorentzian,erni-aspls-011i,011i,011i as iso Hyd2 dark titration -325mV.0008,2026-08-06T14:56:30Z,week6_standalone_peak_fitting_wrapper_v0.1,automated,completed,Lorentzian,scipy.optimize.curve_fit,pH6_bounds_v0.1,1848.0,2149.0,,,,adaptive_smoothness_PLS,"{""asymmetric_coef"":0.5,""baseline_family"":""asPLS"",""baseline_implementation"":""Erni_ProSpecPy_asPLS"",""baseline_method"":""adaptive_smoothness_PLS"",""config_source"":""workflow_demo.ipynb"",""diff_order"":2,""lam"":100000.0,""max_iter"":100,""tol"":0.001}",1,1,TRUE,COMPLETED,,,0.002759464179112735,0.0003746980570143129,0.013458064394997147,TRUE,,TRUE,,,,,0.169,TRUE,,FALSE,,TRUE,,0,"candidate_peak_source=/workspaces/ProSpecPy/peak_fitting_results/erni_inputs/candidate_peaks/erni-aspls-011i_candidate_peaks.csv; metadata_notes=Prepared from Erni asPLS output; baseline QC is provisional numeric availability QC, not a validated baseline-quality threshold."
erni-aspls-011k-gaussian,erni-aspls-011k,011k,011k as iso Hyd2 dark titration -375mV.0016,2026-08-06T14:56:30Z,week6_standalone_peak_fitting_wrapper_v0.1,automated,completed,Gaussian,scipy.optimize.curve_fit,pH6_bounds_v0.1,1848.0,2149.0,,,,adaptive_smoothness_PLS,"{""asymmetric_coef"":0.5,""baseline_family"":""asPLS"",""baseline_implementation"":""Erni_ProSpecPy_asPLS"",""baseline_method"":""adaptive_smoothness_PLS"",""config_source"":""workflow_demo.ipynb"",""diff_order"":2,""lam"":100000.0,""max_iter"":100,""tol"":0.001}",1,1,TRUE,COMPLETED,,,0.003919714341988338,0.0021246639402946153,0.017932113836261754,TRUE,,TRUE,,,,,0.179,TRUE,,FALSE,,TRUE,,0,"candidate_peak_source=/workspaces/ProSpecPy/peak_fitting_results/erni_inputs/candidate_peaks/erni-aspls-011k_candidate_peaks.csv; metadata_notes=Prepared from Erni asPLS output; baseline QC is provisional numeric availability QC, not a validated baseline-quality threshold."
erni-aspls-011k-lorentzian,erni-aspls-011k,011k,011k as iso Hyd2 dark titration -375mV.0016,2026-08-06T14:56:30Z,week6_standalone_peak_fitting_wrapper_v0.1,automated,completed,Lorentzian,scipy.optimize.curve_fit,pH6_bounds_v0.1,1848.0,2149.0,,,,adaptive_smoothness_PLS,"{""asymmetric_coef"":0.5,""baseline_family"":""asPLS"",""baseline_implementation"":""Erni_ProSpecPy_asPLS"",""baseline_method"":""adaptive_smoothness_PLS"",""config_source"":""workflow_demo.ipynb"",""diff_order"":2,""lam"":100000.0,""max_iter"":100,""tol"":0.001}",1,1,TRUE,COMPLETED,,,0.0041736791680761585,0.0012894161111927907,0.017870311723598604,TRUE,,TRUE,,,,,0.179,TRUE,,FALSE,,TRUE,,0,"candidate_peak_source=/workspaces/ProSpecPy/peak_fitting_results/erni_inputs/candidate_peaks/erni-aspls-011k_candidate_peaks.csv; metadata_notes=Prepared from Erni asPLS output; baseline QC is provisional numeric availability QC, not a validated baseline-quality threshold."
erni-aspls-011l-gaussian,erni-aspls-011l,011l,011l as iso Hyd2 dark titration -400mV.0016,2026-08-06T14:56:30Z,week6_standalone_peak_fitting_wrapper_v0.1,automated,completed,Gaussian,scipy.optimize.curve_fit,pH6_bounds_v0.1,1848.0,2149.0,,,,adaptive_smoothness_PLS,"{""asymmetric_coef"":0.5,""baseline_family"":""asPLS"",""baseline_implementation"":""Erni_ProSpecPy_asPLS"",""baseline_method"":""adaptive_smoothness_PLS"",""config_source"":""workflow_demo.ipynb"",""diff_order"":2,""lam"":100000.0,""max_iter"":100,""tol"":0.001}",1,1,TRUE,COMPLETED,,,0.004256865649626036,0.0019782271247025477,0.01899654835523244,TRUE,,TRUE,,,,,0.242,TRUE,,FALSE,,TRUE,,0,"candidate_peak_source=/workspaces/ProSpecPy/peak_fitting_results/erni_inputs/candidate_peaks/erni-aspls-011l_candidate_peaks.csv; metadata_notes=Prepared from Erni asPLS output; baseline QC is provisional numeric availability QC, not a validated baseline-quality threshold."
erni-aspls-011l-lorentzian,erni-aspls-011l,011l,011l as iso Hyd2 dark titration -400mV.0016,2026-08-06T14:56:30Z,week6_standalone_peak_fitting_wrapper_v0.1,automated,completed,Lorentzian,scipy.optimize.curve_fit,pH6_bounds_v0.1,1848.0,2149.0,,,,adaptive_smoothness_PLS,"{""asymmetric_coef"":0.5,""baseline_family"":""asPLS"",""baseline_implementation"":""Erni_ProSpecPy_asPLS"",""baseline_method"":""adaptive_smoothness_PLS"",""config_source"":""workflow_demo.ipynb"",""diff_order"":2,""lam"":100000.0,""max_iter"":100,""tol"":0.001}",1,1,TRUE,COMPLETED,,,0.004304734714641943,0.0011075094938500544,0.016605562929938925,TRUE,,TRUE,,,,,0.242,TRUE,,FALSE,,TRUE,,0,"candidate_peak_source=/workspaces/ProSpecPy/peak_fitting_results/erni_inputs/candidate_peaks/erni-aspls-011l_candidate_peaks.csv; metadata_notes=Prepared from Erni asPLS output; baseline QC is provisional numeric availability QC, not a validated baseline-quality threshold."
erni-aspls-011m-gaussian,erni-aspls-011m,011m,011m as iso Hyd2 dark titration -425mV.0018,2026-08-06T14:56:30Z,week6_standalone_peak_fitting_wrapper_v0.1,automated,completed,Gaussian,scipy.optimize.curve_fit,pH6_bounds_v0.1,1848.0,2149.0,,,,adaptive_smoothness_PLS,"{""asymmetric_coef"":0.5,""baseline_family"":""asPLS"",""baseline_implementation"":""Erni_ProSpecPy_asPLS"",""baseline_method"":""adaptive_smoothness_PLS"",""config_source"":""workflow_demo.ipynb"",""diff_order"":2,""lam"":100000.0,""max_iter"":100,""tol"":0.001}",4,4,TRUE,COMPLETED,,,0.00159230928150881,0.0006462700917789388,0.007815901466011299,TRUE,,TRUE,,,,,0.291,TRUE,,FALSE,,TRUE,,0,"candidate_peak_source=/workspaces/ProSpecPy/peak_fitting_results/erni_inputs/candidate_peaks/erni-aspls-011m_candidate_peaks.csv; metadata_notes=Prepared from Erni asPLS output; baseline QC is provisional numeric availability QC, not a validated baseline-quality threshold."
erni-aspls-011m-lorentzian,erni-aspls-011m,011m,011m as iso Hyd2 dark titration -425mV.0018,2026-08-06T14:56:30Z,week6_standalone_peak_fitting_wrapper_v0.1,automated,completed,Lorentzian,scipy.optimize.curve_fit,pH6_bounds_v0.1,1848.0,2149.0,,,,adaptive_smoothness_PLS,"{""asymmetric_coef"":0.5,""baseline_family"":""asPLS"",""baseline_implementation"":""Erni_ProSpecPy_asPLS"",""baseline_method"":""adaptive_smoothness_PLS"",""config_source"":""workflow_demo.ipynb"",""diff_order"":2,""lam"":100000.0,""max_iter"":100,""tol"":0.001}",4,4,TRUE,COMPLETED,,,0.002771057334111188,-0.0001459042213624421,0.009504974801001882,TRUE,,TRUE,,,,,0.291,TRUE,,FALSE,,TRUE,,0,"candidate_peak_source=/workspaces/ProSpecPy/peak_fitting_results/erni_inputs/candidate_peaks/erni-aspls-011m_candidate_peaks.csv; metadata_notes=Prepared from Erni asPLS output; baseline QC is provisional numeric availability QC, not a validated baseline-quality threshold."
erni-aspls-011n-gaussian,erni-aspls-011n,011n,011n as iso Hyd2 dark titration -450mV.0014,2026-08-06T14:56:30Z,week6_standalone_peak_fitting_wrapper_v0.1,automated,completed,Gaussian,scipy.optimize.curve_fit,pH6_bounds_v0.1,1848.0,2149.0,,,,adaptive_smoothness_PLS,"{""asymmetric_coef"":0.5,""baseline_family"":""asPLS"",""baseline_implementation"":""Erni_ProSpecPy_asPLS"",""baseline_method"":""adaptive_smoothness_PLS"",""config_source"":""workflow_demo.ipynb"",""diff_order"":2,""lam"":100000.0,""max_iter"":100,""tol"":0.001}",4,4,TRUE,COMPLETED,,,0.001920795531257035,0.0007016112301139603,0.010034602865824582,TRUE,,TRUE,,,,,0.285,TRUE,,FALSE,,TRUE,,0,"candidate_peak_source=/workspaces/ProSpecPy/peak_fitting_results/erni_inputs/candidate_peaks/erni-aspls-011n_candidate_peaks.csv; metadata_notes=Prepared from Erni asPLS output; baseline QC is provisional numeric availability QC, not a validated baseline-quality threshold."
erni-aspls-011n-lorentzian,erni-aspls-011n,011n,011n as iso Hyd2 dark titration -450mV.0014,2026-08-06T14:56:30Z,week6_standalone_peak_fitting_wrapper_v0.1,automated,completed,Lorentzian,scipy.optimize.curve_fit,pH6_bounds_v0.1,1848.0,2149.0,,,,adaptive_smoothness_PLS,"{""asymmetric_coef"":0.5,""baseline_family"":""asPLS"",""baseline_implementation"":""Erni_ProSpecPy_asPLS"",""baseline_method"":""adaptive_smoothness_PLS"",""config_source"":""workflow_demo.ipynb"",""diff_order"":2,""lam"":100000.0,""max_iter"":100,""tol"":0.001}",4,4,TRUE,COMPLETED,,,0.002989498232369777,-6.6991151776735e-05,0.009754347945346001,TRUE,,TRUE,,,,,0.285,TRUE,,FALSE,,TRUE,,0,"candidate_peak_source=/workspaces/ProSpecPy/peak_fitting_results/erni_inputs/candidate_peaks/erni-aspls-011n_candidate_peaks.csv; metadata_notes=Prepared from Erni asPLS output; baseline QC is provisional numeric availability QC, not a validated baseline-quality threshold."
erni-aspls-011o-gaussian,erni-aspls-011o,011o,011o as iso Hyd2 dark titration -475mV.0007,2026-08-06T14:56:30Z,week6_standalone_peak_fitting_wrapper_v0.1,automated,completed,Gaussian,scipy.optimize.curve_fit,pH6_bounds_v0.1,1848.0,2149.0,,,,adaptive_smoothness_PLS,"{""asymmetric_coef"":0.5,""baseline_family"":""asPLS"",""baseline_implementation"":""Erni_ProSpecPy_asPLS"",""baseline_method"":""adaptive_smoothness_PLS"",""config_source"":""workflow_demo.ipynb"",""diff_order"":2,""lam"":100000.0,""max_iter"":100,""tol"":0.001}",4,4,TRUE,COMPLETED,,,0.002726017493689494,0.0012693893290532752,0.012770437765335096,TRUE,,TRUE,,,,,0.199,TRUE,,FALSE,,TRUE,,0,"candidate_peak_source=/workspaces/ProSpecPy/peak_fitting_results/erni_inputs/candidate_peaks/erni-aspls-011o_candidate_peaks.csv; metadata_notes=Prepared from Erni asPLS output; baseline QC is provisional numeric availability QC, not a validated baseline-quality threshold."
erni-aspls-011o-lorentzian,erni-aspls-011o,011o,011o as iso Hyd2 dark titration -475mV.0007,2026-08-06T14:56:30Z,week6_standalone_peak_fitting_wrapper_v0.1,automated,completed,Lorentzian,scipy.optimize.curve_fit,pH6_bounds_v0.1,1848.0,2149.0,,,,adaptive_smoothness_PLS,"{""asymmetric_coef"":0.5,""baseline_family"":""asPLS"",""baseline_implementation"":""Erni_ProSpecPy_asPLS"",""baseline_method"":""adaptive_smoothness_PLS"",""config_source"":""workflow_demo.ipynb"",""diff_order"":2,""lam"":100000.0,""max_iter"":100,""tol"":0.001}",4,4,TRUE,COMPLETED,,,0.0034885848609482904,0.00046288395763134974,0.012510768655145886,TRUE,,TRUE,,,,,0.199,TRUE,,FALSE,,TRUE,,0,"candidate_peak_source=/workspaces/ProSpecPy/peak_fitting_results/erni_inputs/candidate_peaks/erni-aspls-011o_candidate_peaks.csv; metadata_notes=Prepared from Erni asPLS output; baseline QC is provisional numeric availability QC, not a validated baseline-quality threshold."
erni-aspls-011p-gaussian,erni-aspls-011p,011p,011p as iso Hyd2 dark titration -500mV.0007,2026-08-06T14:56:30Z,week6_standalone_peak_fitting_wrapper_v0.1,automated,completed,Gaussian,scipy.optimize.curve_fit,pH6_bounds_v0.1,1848.0,2149.0,,,,adaptive_smoothness_PLS,"{""asymmetric_coef"":0.5,""baseline_family"":""asPLS"",""baseline_implementation"":""Erni_ProSpecPy_asPLS"",""baseline_method"":""adaptive_smoothness_PLS"",""config_source"":""workflow_demo.ipynb"",""diff_order"":2,""lam"":100000.0,""max_iter"":100,""tol"":0.001}",3,3,TRUE,COMPLETED,,,0.0022902564442264595,0.0010238105214221615,0.012750023995174775,TRUE,,TRUE,,,,,0.21,TRUE,,FALSE,,TRUE,,0,"candidate_peak_source=/workspaces/ProSpecPy/peak_fitting_results/erni_inputs/candidate_peaks/erni-aspls-011p_candidate_peaks.csv; metadata_notes=Prepared from Erni asPLS output; baseline QC is provisional numeric availability QC, not a validated baseline-quality threshold."
erni-aspls-011p-lorentzian,erni-aspls-011p,011p,011p as iso Hyd2 dark titration -500mV.0007,2026-08-06T14:56:30Z,week6_standalone_peak_fitting_wrapper_v0.1,automated,completed,Lorentzian,scipy.optimize.curve_fit,pH6_bounds_v0.1,1848.0,2149.0,,,,adaptive_smoothness_PLS,"{""asymmetric_coef"":0.5,""baseline_family"":""asPLS"",""baseline_implementation"":""Erni_ProSpecPy_asPLS"",""baseline_method"":""adaptive_smoothness_PLS"",""config_source"":""workflow_demo.ipynb"",""diff_order"":2,""lam"":100000.0,""max_iter"":100,""tol"":0.001}",3,3,TRUE,COMPLETED,,,0.0031361700217915865,0.00033837186300405495,0.012680696309499365,TRUE,,TRUE,,,,,0.21,TRUE,,FALSE,,TRUE,,0,"candidate_peak_source=/workspaces/ProSpecPy/peak_fitting_results/erni_inputs/candidate_peaks/erni-aspls-011p_candidate_peaks.csv; metadata_notes=Prepared from Erni asPLS output; baseline QC is provisional numeric availability QC, not a validated baseline-quality threshold."
erni-aspls-011q-gaussian,erni-aspls-011q,011q,011q as iso Hyd2 dark titration -550mV.0012,2026-08-06T14:56:30Z,week6_standalone_peak_fitting_wrapper_v0.1,automated,completed,Gaussian,scipy.optimize.curve_fit,pH6_bounds_v0.1,1848.0,2149.0,,,,adaptive_smoothness_PLS,"{""asymmetric_coef"":0.5,""baseline_family"":""asPLS"",""baseline_implementation"":""Erni_ProSpecPy_asPLS"",""baseline_method"":""adaptive_smoothness_PLS"",""config_source"":""workflow_demo.ipynb"",""diff_order"":2,""lam"":100000.0,""max_iter"":100,""tol"":0.001}",2,2,TRUE,COMPLETED,,,0.006723456992513405,0.003188847316117826,0.027759937079966157,TRUE,,TRUE,,,,,0.163,TRUE,,FALSE,,TRUE,,0,"candidate_peak_source=/workspaces/ProSpecPy/peak_fitting_results/erni_inputs/candidate_peaks/erni-aspls-011q_candidate_peaks.csv; metadata_notes=Prepared from Erni asPLS output; baseline QC is provisional numeric availability QC, not a validated baseline-quality threshold."
erni-aspls-011q-lorentzian,erni-aspls-011q,011q,011q as iso Hyd2 dark titration -550mV.0012,2026-08-06T14:56:30Z,week6_standalone_peak_fitting_wrapper_v0.1,automated,completed,Lorentzian,scipy.optimize.curve_fit,pH6_bounds_v0.1,1848.0,2149.0,,,,adaptive_smoothness_PLS,"{""asymmetric_coef"":0.5,""baseline_family"":""asPLS"",""baseline_implementation"":""Erni_ProSpecPy_asPLS"",""baseline_method"":""adaptive_smoothness_PLS"",""config_source"":""workflow_demo.ipynb"",""diff_order"":2,""lam"":100000.0,""max_iter"":100,""tol"":0.001}",2,2,TRUE,COMPLETED,,,0.006521895210633955,0.0023988034900979177,0.027556856416224736,TRUE,,TRUE,,,,,0.163,TRUE,,FALSE,,TRUE,,0,"candidate_peak_source=/workspaces/ProSpecPy/peak_fitting_results/erni_inputs/candidate_peaks/erni-aspls-011q_candidate_peaks.csv; metadata_notes=Prepared from Erni asPLS output; baseline QC is provisional numeric availability QC, not a validated baseline-quality threshold."
erni-aspls-011r-gaussian,erni-aspls-011r,011r,011r as iso Hyd2 dark titration -600mV.0009,2026-08-06T14:56:30Z,week6_standalone_peak_fitting_wrapper_v0.1,automated,completed,Gaussian,scipy.optimize.curve_fit,pH6_bounds_v0.1,1848.0,2149.0,,,,adaptive_smoothness_PLS,"{""asymmetric_coef"":0.5,""baseline_family"":""asPLS"",""baseline_implementation"":""Erni_ProSpecPy_asPLS"",""baseline_method"":""adaptive_smoothness_PLS"",""config_source"":""workflow_demo.ipynb"",""diff_order"":2,""lam"":100000.0,""max_iter"":100,""tol"":0.001}",5,5,TRUE,COMPLETED,,,0.00269429258885405,0.0011631038002388717,0.012499841171501935,TRUE,,TRUE,,,,,0.126,TRUE,,FALSE,,TRUE,,0,"candidate_peak_source=/workspaces/ProSpecPy/peak_fitting_results/erni_inputs/candidate_peaks/erni-aspls-011r_candidate_peaks.csv; metadata_notes=Prepared from Erni asPLS output; baseline QC is provisional numeric availability QC, not a validated baseline-quality threshold."
erni-aspls-011r-lorentzian,erni-aspls-011r,011r,011r as iso Hyd2 dark titration -600mV.0009,2026-08-06T14:56:30Z,week6_standalone_peak_fitting_wrapper_v0.1,automated,completed,Lorentzian,scipy.optimize.curve_fit,pH6_bounds_v0.1,1848.0,2149.0,,,,adaptive_smoothness_PLS,"{""asymmetric_coef"":0.5,""baseline_family"":""asPLS"",""baseline_implementation"":""Erni_ProSpecPy_asPLS"",""baseline_method"":""adaptive_smoothness_PLS"",""config_source"":""workflow_demo.ipynb"",""diff_order"":2,""lam"":100000.0,""max_iter"":100,""tol"":0.001}",5,5,TRUE,COMPLETED,,,0.00292983437898423,0.00020303609741671635,0.012414062154141262,TRUE,,TRUE,,,,,0.126,TRUE,,FALSE,,TRUE,,0,"candidate_peak_source=/workspaces/ProSpecPy/peak_fitting_results/erni_inputs/candidate_peaks/erni-aspls-011r_candidate_peaks.csv; metadata_notes=Prepared from Erni asPLS output; baseline QC is provisional numeric availability QC, not a validated baseline-quality threshold."
erni-aspls-011s-gaussian,erni-aspls-011s,011s,011s as iso Hyd2 dark titration -700mV.0009,2026-08-06T14:56:30Z,week6_standalone_peak_fitting_wrapper_v0.1,automated,completed,Gaussian,scipy.optimize.curve_fit,pH6_bounds_v0.1,1848.0,2149.0,,,,adaptive_smoothness_PLS,"{""asymmetric_coef"":0.5,""baseline_family"":""asPLS"",""baseline_implementation"":""Erni_ProSpecPy_asPLS"",""baseline_method"":""adaptive_smoothness_PLS"",""config_source"":""workflow_demo.ipynb"",""diff_order"":2,""lam"":100000.0,""max_iter"":100,""tol"":0.001}",4,4,TRUE,COMPLETED,,,0.002496742321966953,0.0012846122214777741,0.013227302294840038,TRUE,,TRUE,,,,,0.12,TRUE,,FALSE,,TRUE,,0,"candidate_peak_source=/workspaces/ProSpecPy/peak_fitting_results/erni_inputs/candidate_peaks/erni-aspls-011s_candidate_peaks.csv; metadata_notes=Prepared from Erni asPLS output; baseline QC is provisional numeric availability QC, not a validated baseline-quality threshold."
erni-aspls-011s-lorentzian,erni-aspls-011s,011s,011s as iso Hyd2 dark titration -700mV.0009,2026-08-06T14:56:30Z,week6_standalone_peak_fitting_wrapper_v0.1,automated,completed,Lorentzian,scipy.optimize.curve_fit,pH6_bounds_v0.1,1848.0,2149.0,,,,adaptive_smoothness_PLS,"{""asymmetric_coef"":0.5,""baseline_family"":""asPLS"",""baseline_implementation"":""Erni_ProSpecPy_asPLS"",""baseline_method"":""adaptive_smoothness_PLS"",""config_source"":""workflow_demo.ipynb"",""diff_order"":2,""lam"":100000.0,""max_iter"":100,""tol"":0.001}",4,4,TRUE,COMPLETED,,,0.0027673315553399616,7.786295822659794e-05,0.013062528968337265,TRUE,,TRUE,,,,,0.12,TRUE,,FALSE,,TRUE,,0,"candidate_peak_source=/workspaces/ProSpecPy/peak_fitting_results/erni_inputs/candidate_peaks/erni-aspls-011s_candidate_peaks.csv; metadata_notes=Prepared from Erni asPLS output; baseline QC is provisional numeric availability QC, not a validated baseline-quality threshold."
erni-aspls-011t-gaussian,erni-aspls-011t,011t,011t as iso Hyd2 dark titration -800mV.0004,2026-08-06T14:56:30Z,week6_standalone_peak_fitting_wrapper_v0.1,automated,completed,Gaussian,scipy.optimize.curve_fit,pH6_bounds_v0.1,1848.0,2149.0,,,,adaptive_smoothness_PLS,"{""asymmetric_coef"":0.5,""baseline_family"":""asPLS"",""baseline_implementation"":""Erni_ProSpecPy_asPLS"",""baseline_method"":""adaptive_smoothness_PLS"",""config_source"":""workflow_demo.ipynb"",""diff_order"":2,""lam"":100000.0,""max_iter"":100,""tol"":0.001}",5,5,TRUE,COMPLETED,,,0.0019542574670679057,0.0010108610417113243,0.009041620414211748,TRUE,,TRUE,,,,,0.124,TRUE,,FALSE,,TRUE,,0,"candidate_peak_source=/workspaces/ProSpecPy/peak_fitting_results/erni_inputs/candidate_peaks/erni-aspls-011t_candidate_peaks.csv; metadata_notes=Prepared from Erni asPLS output; baseline QC is provisional numeric availability QC, not a validated baseline-quality threshold."
erni-aspls-011t-lorentzian,erni-aspls-011t,011t,011t as iso Hyd2 dark titration -800mV.0004,2026-08-06T14:56:30Z,week6_standalone_peak_fitting_wrapper_v0.1,automated,completed,Lorentzian,scipy.optimize.curve_fit,pH6_bounds_v0.1,1848.0,2149.0,,,,adaptive_smoothness_PLS,"{""asymmetric_coef"":0.5,""baseline_family"":""asPLS"",""baseline_implementation"":""Erni_ProSpecPy_asPLS"",""baseline_method"":""adaptive_smoothness_PLS"",""config_source"":""workflow_demo.ipynb"",""diff_order"":2,""lam"":100000.0,""max_iter"":100,""tol"":0.001}",5,5,TRUE,COMPLETED,,,0.0024356136384610172,0.0003622410937931291,0.010351280446453143,TRUE,,TRUE,,,,,0.124,TRUE,,FALSE,,TRUE,,0,"candidate_peak_source=/workspaces/ProSpecPy/peak_fitting_results/erni_inputs/candidate_peaks/erni-aspls-011t_candidate_peaks.csv; metadata_notes=Prepared from Erni asPLS output; baseline QC is provisional numeric availability QC, not a validated baseline-quality threshold."
